id,indice_tiempo,produccion_petroleo_crudo_ypf_sa,produccion_petroleo_crudo_pan_american_energy_llc,produccion_petroleo_crudo_pluspetrol_sa,produccion_petroleo_crudo_sinopec_argentina,produccion_petroleo_crudo_tecpetrol_sa,produccion_petroleo_crudo_total_austral_sa,produccion_petroleo_crudo_chevron_argentina_srl,produccion_petroleo_crudo_enap_sipetrol_argentina_sa,produccion_petroleo_crudo_petrobras_argentina_sa,produccion_gas_natural_ypf_sa,produccion_gas_natural_pan_american_energy_llc,produccion_gas_natural_pluspetrol_sa,produccion_gas_natural_sinopec_argentina_exploration,produccion_gas_natural_tecpetrol_sa,produccion_gas_natural_total_austral_sa,produccion_gas_natural_chevron_argentina_srl,produccion_gas_natural_enap_sipetrol_argentina_sa,produccion_gas_natural_petrobras_argentina_sa,ventas_gasoil_ypf,ventas_gasoil_essoaxion,ventas_gasoil_shell,ventas_gasoil_petrobras,ventas_gasoil_oil,ventas_naftas_ypf,ventas_naftas_essoaxion,ventas_naftas_shell,ventas_naftas_petrobras,ventas_naftas_oil
1,1999-01-01,1845878.0,276624.9,89038.0,0.0,142838.95,248928.84,0.0,0.0,0.0,1072031.66,394507.49,49478.34,229970.71,0.0,326415.0,0.0,0.0,0.0,408683.0,137020.0,139465.0,0.0,0.0,205505.0,72774.0,91014.0,0.0,0.0
2,1999-02-01,1436613.0,248901.31,78518.4,0.0,125806.66,265902.26,0.0,0.0,0.0,994340.25,471047.74,42361.52,202742.08,0.0,272673.0,0.0,0.0,0.0,379980.0,142655.0,135167.0,0.0,0.0,186777.0,65786.0,87378.0,0.0,0.0
3,1999-03-01,1626709.0,267909.4,84988.0,0.0,135895.41,275314.59,0.0,0.0,0.0,1213937.4,492493.11,50164.99,214812.87,0.0,300931.0,0.0,0.0,0.0,447200.0,162836.0,162181.0,0.0,0.0,197474.0,73013.0,96428.0,0.0,0.0
4,1999-04-01,1569934.3,249041.42,85540.0,0.0,133529.03,257288.55,0.0,0.0,0.0,1179783.33,460340.41,49867.28,233041.86,0.0,331279.0,0.0,0.0,0.0,445760.0,164157.0,153735.0,0.0,0.0,186014.0,69079.0,89468.0,0.0,0.0
5,1999-05-01,1618203.2,257632.18,90024.0,0.0,141502.01,256469.9,0.0,0.0,0.0,1381478.07,634605.26,49961.05,272700.46,0.0,366900.0,0.0,0.0,0.0,470166.0,167133.0,166445.0,0.0,0.0,181994.0,70429.0,85745.0,0.0,0.0
6,1999-06-01,1450881.2,244613.24,90002.0,0.0,137918.23,195418.0,0.0,0.0,0.0,1438414.67,706253.1,49214.34,268423.34,0.0,364930.0,0.0,0.0,0.0,482541.0,156749.0,159452.0,0.0,0.0,177637.0,67453.0,85716.0,0.0,0.0
7,1999-07-01,1448329.0,251024.62,93870.1,0.0,146948.63,251607.3,0.0,0.0,0.0,227698.82,463449.8,48655.08,277057.67,0.0,402713.6,0.0,0.0,0.0,473156.0,154349.0,161438.0,0.0,0.0,192028.0,69446.0,93686.0,0.0,0.0
8,1999-08-01,1565287.48,247649.85,96843.1,0.0,144574.75,263361.4,0.0,0.0,0.0,1363680.34,461645.18,47775.83,278390.21,0.0,411428.2,0.0,0.0,0.0,471913.0,167024.0,162892.0,0.0,0.0,188259.0,69685.0,88053.0,0.0,0.0
9,1999-09-01,1471254.8,243774.56,92272.0,0.0,143092.79,242455.8,0.0,0.0,0.0,1130337.84,578054.23,45804.11,286827.43,0.0,384044.1,0.0,0.0,0.0,458636.0,158579.0,165527.0,0.0,0.0,183972.0,65955.0,85310.0,0.0,0.0
10,1999-10-01,1452010.56,250079.51,93392.4,0.0,156240.5,250550.2,0.0,0.0,0.0,1047492.9,610438.12,46153.1,320134.68,0.0,402876.6,0.0,0.0,0.0,470131.0,157163.0,160508.0,0.0,0.0,187932.0,69607.0,90342.0,0.0,0.0
11,1999-11-01,1379088.0,235618.0,86239.22,0.0,148565.92,240332.1,0.0,0.0,0.0,928336.58,595660.02,34662.0,306995.26,0.0,366291.08,0.0,0.0,0.0,481209.0,172184.0,172750.0,0.0,0.0,177373.0,64694.0,89511.0,0.0,0.0
12,1999-12-01,1434064.27,246702.0,89542.97,0.0,151444.34,247676.0,0.0,0.0,0.0,964528.57,630818.65,34741.0,290745.34,0.0,371743.58,0.0,0.0,0.0,484710.0,174607.0,172011.0,0.0,0.0,201841.0,73776.0,101677.0,0.0,0.0
13,2000-01-01,1423590.75,290054.81,92351.3,0.0,150093.11,240972.9,0.0,0.0,0.0,993102.15,642242.17,42096.98,271259.55,0.0,394153.23,0.0,0.0,0.0,421226.0,152418.0,153462.0,0.0,0.0,184284.0,63291.0,89234.0,0.0,0.0
14,2000-02-01,1330569.46,196655.83,85277.97,0.0,146291.23,176508.8,0.0,0.0,0.0,1011624.74,605193.88,39239.57,279374.33,0.0,379208.14,0.0,0.0,0.0,412039.0,141890.0,148332.0,0.0,0.0,168291.0,58688.0,84283.0,0.0,0.0
15,2000-03-01,1414788.21,163037.67,86730.1,0.0,152936.96,180707.6,4508.6,0.0,0.0,1093022.74,659470.76,45853.13,258000.65,0.0,368135.5,0.0,0.0,11181.63,475712.0,166000.0,177116.0,0.0,0.0,173092.0,63045.0,86817.0,0.0,0.0
16,2000-04-01,1337362.86,249312.1,89026.27,0.0,148517.42,172379.2,3962.8,0.0,0.0,1129361.14,597380.59,68604.35,278592.51,0.0,384212.28,0.0,0.0,9087.22,437816.0,145537.0,160184.0,0.0,0.0,166557.0,63437.0,82949.0,0.0,0.0
17,2000-05-01,1371762.68,266179.25,95789.9,0.0,157871.79,185311.4,5222.92,0.0,0.0,1357553.14,719735.38,142214.95,344040.61,0.0,428470.15,0.0,0.0,10295.2,453797.0,143893.0,166396.0,0.0,0.0,157992.0,61964.0,79600.0,0.0,0.0
18,2000-06-01,1297260.02,258702.8,99051.0,0.0,149625.32,180697.1,355204.02,0.0,0.0,1373959.4,707127.19,142233.01,334088.78,0.0,412981.71,0.0,0.0,87346.38,443011.0,148165.0,165359.0,0.0,0.0,153217.0,60345.0,80232.0,0.0,0.0
19,2000-07-01,1268823.66,256985.14,104874.49,0.0,146632.78,185374.9,368571.79,0.0,0.0,1362856.12,760756.29,155848.6,364268.58,0.0,447892.68,0.0,0.0,92625.17,458827.0,143358.0,167763.0,0.0,0.0,162536.0,62791.0,83867.0,0.0,0.0
20,2000-08-01,1230687.6,277449.02,97248.41,0.0,155984.8,177722.2,367640.2,0.0,0.0,2337017.84,753258.04,326791.38,380454.13,0.0,460211.83,0.0,0.0,90340.13,469778.0,153953.0,164800.0,0.0,0.0,160716.0,61904.0,84426.0,0.0,0.0
21,2000-09-01,1175375.41,314426.59,93311.15,0.0,151154.56,162546.5,344361.3,0.0,0.0,1095066.43,705308.02,308051.35,329746.67,0.0,444267.06,0.0,0.0,85907.96,463775.0,146346.0,159025.0,0.0,0.0,154606.0,61484.0,82341.0,0.0,0.0
22,2000-10-01,1291760.14,345750.17,95585.92,0.0,159800.61,192217.8,373836.7,0.0,0.0,848281.12,665841.19,300862.08,314372.22,0.0,441211.67,0.0,0.0,82831.67,463640.0,133602.0,145505.0,0.0,0.0,156059.0,60785.0,77844.0,0.0,0.0
23,2000-11-01,1173826.23,342447.63,89057.35,0.0,154188.89,167721.3,371395.1,0.0,0.0,842413.49,496203.36,295196.83,296671.5,0.0,404150.56,0.0,0.0,79316.31,477655.0,141437.0,147345.0,0.0,0.0,149894.0,59026.0,79314.0,0.0,0.0
24,2000-12-01,1207186.01,34771.25,90793.8,0.0,157328.52,190280.9,389565.1,0.0,0.0,171995.23,694469.84,205364.71,342411.12,0.0,434381.6,0.0,0.0,77048.2,497072.0,154066.0,161751.0,0.0,0.0,174939.0,64246.0,91171.0,0.0,0.0
25,2001-01-01,1469752.05,353488.07,89772.91,0.0,157008.16,179745.8,393145.1,0.0,0.0,970614.3,584089.9,284501.66,314161.11,0.0,429438.3,0.0,0.0,77746.44,449073.0,141903.0,150963.0,0.0,0.0,171664.0,57530.0,83624.0,0.0,0.0
26,2001-02-01,1153147.22,318078.3,78955.8,0.0,131421.11,169826.4,362721.8,0.0,0.0,906084.73,556069.01,245959.02,294302.49,0.0,374248.9,0.0,0.0,68683.19,403915.0,128822.0,139775.0,0.0,0.0,152234.0,51520.0,76305.0,0.0,0.0
27,2001-03-01,1452329.22,352160.77,89074.3,0.0,155594.09,190387.7,390978.1,0.0,0.0,1124014.18,695745.97,1419495.93,310400.37,0.0,470183.4,0.0,0.0,79394.15,469815.0,147717.0,160850.0,0.0,0.0,157288.0,56852.0,82379.0,0.0,0.0
28,2001-04-01,1681182.49,274937.45,87199.87,0.0,150676.35,181266.6,388493.2,0.0,0.0,1119320.93,683353.21,1289232.61,304061.16,0.0,467199.56,0.0,0.0,89736.85,445669.0,152856.0,159161.0,0.0,0.0,145993.0,52593.0,76462.0,0.0,0.0
29,2001-05-01,1732163.89,369822.36,92504.67,0.0,161176.71,197232.4,412070.0,0.0,0.0,1364195.99,871030.65,325568.89,353727.08,0.0,478104.8,0.0,0.0,102351.85,457036.0,158218.0,166772.0,0.0,0.0,142352.0,53138.0,76942.0,0.0,0.0
30,2001-06-01,1615057.29,358331.4,87568.43,0.0,155852.91,186819.4,389797.8,0.0,0.0,1220868.94,780250.14,365953.52,354989.74,0.0,467611.28,0.0,0.0,98173.68,424615.0,156105.0,152325.0,0.0,0.0,137139.0,53285.0,76633.0,0.0,0.0
31,2001-07-01,1649846.49,369341.87,90558.3,0.0,167252.85,191986.8,391462.4,0.0,0.0,1394464.58,822573.76,424548.31,353067.29,0.0,479462.91,0.0,0.0,99289.93,422495.0,146647.0,153404.0,0.0,0.0,152763.0,57903.0,79058.0,0.0,0.0
32,2001-08-01,1657657.37,366110.79,91042.35,0.0,166725.51,178491.6,397991.4,0.0,0.0,1238484.52,702572.7,397670.64,345180.13,0.0,461651.24,0.0,0.0,92822.96,416152.0,141414.0,153463.0,0.0,0.0,142494.0,52880.0,71802.0,0.0,0.0
33,2001-09-01,1630451.28,359862.98,89386.68,0.0,163566.58,177768.5,371368.1,0.0,0.0,1152914.22,767615.07,372676.28,334396.63,0.0,449097.89,0.0,0.0,81231.51,389752.0,126654.0,135374.0,0.0,0.0,133871.0,50751.0,66237.0,0.0,0.0
34,2001-10-01,1664011.34,384981.59,88499.87,0.0,169257.13,167136.8,384115.7,0.0,0.0,1263708.22,620423.95,354729.75,319148.51,0.0,410878.04,0.0,0.0,86708.41,400225.0,147416.0,147463.0,0.0,0.0,140213.0,52671.0,76426.0,0.0,0.0
35,2001-11-01,1700915.48,389777.84,88147.23,0.0,166829.72,138447.4,372804.0,0.0,0.0,1082519.61,491185.62,296160.8,318334.9,0.0,427284.81,0.0,0.0,79628.16,420525.0,149211.0,147944.0,0.0,0.0,137582.0,51348.0,65447.0,0.0,0.0
36,2001-12-01,1723162.67,403220.43,90676.42,0.0,172090.56,160990.9,385248.5,0.0,0.0,1076552.51,598377.48,339390.84,319042.06,0.0,475388.84,0.0,0.0,80946.43,404828.0,143594.0,106029.0,0.0,0.0,148163.0,54688.0,72262.0,0.0,0.0
37,2002-01-01,1684941.0,382536.12,86766.93,0.0,167704.27,162353.7,380904.1,0.0,0.0,985777.54,633602.66,359994.74,303695.47,0.0,468895.02,0.0,0.0,84936.02,367559.0,110923.0,125553.0,0.0,0.0,145595.0,50129.0,67175.0,0.0,0.0
38,2002-02-01,1516002.12,357192.65,77144.43,0.0,146086.56,145610.0,325803.1,0.0,0.0,961513.85,607197.82,325677.29,254724.36,0.0,406167.22,0.0,0.0,82322.95,397329.0,99453.0,135686.0,0.0,0.0,145881.0,48057.0,62261.0,0.0,0.0
39,2002-03-01,1690174.95,395151.53,84326.17,0.0,164126.94,164118.2,366148.4,0.0,0.0,1017311.49,747028.54,356058.95,294548.86,0.0,454820.84,0.0,0.0,90202.69,433705.0,91772.0,152406.0,0.0,0.0,154290.0,46203.0,64553.0,0.0,0.0
40,2002-04-01,1639327.27,381419.57,79593.3,0.0,159962.19,157314.6,358136.6,0.0,0.0,1131362.07,681859.32,357829.32,289657.02,0.0,423512.54,0.0,0.0,105012.28,476262.0,82661.0,147578.0,0.0,0.0,144081.0,46766.0,64559.0,0.0,0.0
41,2002-05-01,1656616.7,398416.42,81369.33,0.0,164463.93,169126.1,371828.7,0.0,0.0,1324451.52,788786.23,402607.03,305579.46,0.0,454540.98,0.0,0.0,131932.42,503553.0,90276.0,165073.0,0.0,0.0,143370.0,47895.0,71201.0,0.0,0.0
42,2002-06-01,1613858.77,383091.22,77170.35,0.0,155602.52,169171.7,355919.8,0.0,0.0,1443270.69,844187.29,407464.22,307847.19,0.0,443450.53,0.0,0.0,136113.29,435237.0,101651.0,144772.0,0.0,0.0,129048.0,46192.0,59522.0,0.0,0.0
43,2002-07-01,1702566.22,398632.82,80102.64,0.0,157093.0,174332.56,377150.7,0.0,0.0,1556562.52,886989.36,453681.7,322861.35,0.0,475462.71,0.0,0.0,144413.89,426578.0,113613.0,209435.0,0.0,0.0,135890.0,47765.0,64675.0,0.0,0.0
44,2002-08-01,1676973.62,401890.03,81237.67,0.0,156655.7,168383.8,371052.8,0.0,0.0,1325690.64,828599.69,1012024.22,291238.65,0.0,480983.84,0.0,0.0,142394.21,440337.0,98140.0,149745.0,0.0,0.0,130884.0,47280.0,61999.0,0.0,0.0
45,2002-09-01,1641319.2,392492.61,77274.07,0.0,152581.9,157579.5,356795.5,0.0,0.0,1192486.27,745902.14,460868.81,279028.01,0.0,440825.98,0.0,0.0,137292.44,405234.0,106896.0,132292.0,0.0,0.0,116105.0,42614.0,54183.0,0.0,0.0
46,2002-10-01,1680680.61,404921.41,78245.17,0.0,156880.99,147424.5,370675.1,0.0,0.0,1084952.6,601513.08,377191.08,281186.16,0.0,437690.91,0.0,0.0,114638.02,425543.0,103030.0,139307.0,0.0,0.0,125467.0,46544.0,57409.0,0.0,0.0
47,2002-11-01,1620379.8,395509.97,73372.17,0.0,148213.1,140958.1,354593.9,0.0,0.0,1058147.41,584142.24,342713.8,263982.41,0.0,397425.99,0.0,0.0,94184.77,432980.0,106301.0,141663.0,0.0,0.0,123131.0,42886.0,56371.0,0.0,0.0
48,2002-12-01,1771521.44,420702.06,77659.33,0.0,153246.53,142567.97,368963.7,0.0,0.0,1143657.75,531830.01,364794.74,263265.07,0.0,413862.52,0.0,0.0,89526.43,447761.0,109496.0,146093.0,0.0,0.0,137779.0,47001.0,64637.0,0.0,0.0
49,2003-01-01,1649074.12,417955.52,76726.7,0.0,154485.3,140859.3,373887.0,0.0,0.0,1096780.39,602472.69,396780.43,258340.96,0.0,423022.84,0.0,0.0,100116.02,404251.0,109900.0,132402.0,0.0,0.0,141676.0,45499.0,56752.0,0.0,0.0
50,2003-02-01,1480796.75,382614.92,68201.22,0.0,139539.31,135977.99,331610.9,0.0,0.0,1052357.09,678886.19,381024.51,228065.58,0.0,381681.14,0.0,0.0,102549.66,427503.0,102400.0,133646.0,0.0,0.0,124153.0,39834.0,55217.0,0.0,0.0
51,2003-03-01,1661922.83,436023.69,74494.94,0.0,156328.01,146311.78,369883.8,0.0,0.0,1197807.32,725029.0,405527.24,285404.67,0.0,423820.54,0.0,0.0,116038.26,497478.0,106819.0,138623.0,0.0,0.0,126888.0,42348.0,54638.0,0.0,0.0
52,2003-04-01,1621344.53,442685.16,71214.23,0.0,151870.93,139230.1,361600.6,0.0,0.0,1233182.43,704658.94,396494.41,336472.57,0.0,435432.5,0.0,0.0,116932.11,464705.0,109432.0,140923.0,0.0,0.0,128755.0,42250.0,57853.0,0.0,0.0
53,2003-05-01,1664685.32,465181.61,75330.24,0.0,158194.56,154821.5,368559.3,0.0,0.0,1536331.32,865201.57,487057.02,326938.37,207364.98,444390.6,0.0,0.0,116997.68,456708.0,120946.0,146397.0,0.0,0.0,120435.0,42920.0,54315.0,0.0,0.0
54,2003-06-01,1602369.69,447805.82,74375.13,0.0,152860.22,148269.9,345029.4,0.0,373334.44,1645160.2,893643.48,502344.92,319196.26,204547.78,437858.79,0.0,0.0,122494.39,422673.0,112888.0,137338.0,0.0,0.0,114983.0,41057.0,51296.0,0.0,0.0
55,2003-07-01,1650213.77,468379.44,75811.46,0.0,158484.4,146285.3,349517.8,0.0,363178.3,1743623.52,903334.0,521701.01,323600.74,287466.88,447140.71,0.0,0.0,127016.6,428542.0,114090.0,144782.0,0.0,0.0,129992.0,45188.0,55714.0,0.0,0.0
56,2003-08-01,1637072.8,473659.91,74718.01,0.0,157157.86,150180.3,333901.1,0.0,378143.97,1749130.13,955540.95,548326.12,322609.88,301585.49,441365.03,0.0,0.0,124324.19,410709.0,118615.0,149607.0,0.0,0.0,122901.0,42905.0,53316.0,0.0,0.0
57,2003-09-01,1545806.81,459105.61,71847.87,0.0,150440.09,144277.9,319499.4,0.0,380142.52,1556030.46,966541.53,513748.29,305032.12,293591.19,418669.57,0.0,0.0,115672.44,420166.0,119157.0,158472.0,0.0,0.0,121262.0,41906.0,53915.0,0.0,0.0
58,2003-10-01,1573741.39,474025.82,71785.95,0.0,156787.56,144518.1,321167.9,0.0,369375.32,1381951.5,941803.38,489484.55,304711.3,310403.61,429433.19,0.0,0.0,114823.23,449309.0,113519.0,154874.0,0.0,0.0,128846.0,43635.0,56763.0,0.0,0.0
59,2003-11-01,1514054.76,459532.15,69625.03,0.0,149458.38,133185.7,304643.19,0.0,382709.73,1271620.89,866366.36,412661.62,283414.72,275378.78,401342.8,0.0,0.0,108731.54,416998.0,118435.0,145369.0,0.0,0.0,115163.0,42085.0,51292.0,0.0,0.0
60,2003-12-01,1547427.25,479485.13,71307.54,0.0,157065.9,137960.3,313428.6,0.0,358256.36,1270820.66,905491.3,459540.92,287776.84,301674.66,404490.88,0.0,0.0,109558.61,445023.0,130149.0,159401.0,0.0,0.0,140091.0,47327.0,60267.0,0.0,0.0
61,2004-01-01,1515184.56,476266.51,70511.1,0.0,155269.12,140745.6,299066.8,0.0,359320.52,1250945.83,968705.07,463390.66,252768.25,308791.14,404688.16,0.0,0.0,104739.56,414985.0,115937.0,142423.0,0.0,0.0,138245.0,44212.0,58434.0,0.0,0.0
62,2004-02-01,1424352.6,450416.44,65147.27,0.0,143872.12,129100.3,282376.6,0.0,336042.04,1287555.87,898943.9,463561.29,234470.2,290862.98,373745.31,0.0,0.0,99823.47,387524.0,113756.0,134912.0,0.0,0.0,122125.0,44410.0,52154.0,0.0,0.0
63,2004-03-01,1429361.09,481843.61,71692.51,0.0,153983.59,135392.92,300716.5,0.0,317309.26,1382899.64,951511.78,537529.71,246755.41,311241.18,389918.96,0.0,0.0,110233.72,502814.0,132282.0,176738.0,0.0,0.0,127789.0,47636.0,56601.0,0.0,0.0
64,2004-04-01,1368282.57,478624.04,71224.53,0.0,148086.14,132400.9,291257.4,0.0,358731.18,1343503.72,936666.45,526044.45,231081.1,300688.84,385179.17,0.0,0.0,101789.57,491316.0,136496.0,143797.0,0.0,0.0,125405.0,45967.0,56003.0,0.0,0.0
65,2004-05-01,1520703.47,511798.68,72241.77,0.0,152881.73,136239.9,295272.7,0.0,357581.12,1534683.74,981097.76,557095.59,245418.43,314084.53,380513.85,0.0,0.0,106815.72,498747.0,130082.0,150603.0,0.0,0.0,121673.0,44845.0,52591.0,0.0,0.0
66,2004-06-01,1453690.41,495931.14,71409.39,0.0,148230.19,132742.2,282576.5,0.0,354302.93,1551710.23,966671.3,530529.19,234581.69,305742.26,373935.88,0.0,0.0,97870.36,490248.0,118800.0,142993.0,0.0,0.0,120419.0,36464.0,52816.0,0.0,0.0
67,2004-07-01,1473852.44,501560.92,74682.92,0.0,153088.68,134624.86,294588.7,0.0,333585.5,1580806.01,978453.0,552401.55,236049.42,305994.8,391576.36,0.0,0.0,97040.68,474459.0,121335.0,150737.0,0.0,0.0,134067.0,44953.0,57679.0,0.0,0.0
68,2004-08-01,1431554.05,509285.53,76082.99,0.0,155588.89,134704.9,299827.3,0.0,339981.17,1551571.25,988767.95,557914.21,230148.66,300302.49,394054.13,0.0,0.0,97945.85,478304.0,122437.0,135262.0,0.0,0.0,124468.0,43673.0,53446.0,0.0,0.0
69,2004-09-01,1432552.59,498667.47,72558.56,0.0,151962.67,127300.8,288952.4,0.0,345476.51,1503270.31,918392.07,539206.4,215790.34,292966.09,372385.46,0.0,0.0,93426.4,485855.0,127073.0,140155.0,0.0,0.0,124499.0,43241.0,53986.0,0.0,0.0
70,2004-10-01,1448173.77,515429.33,75131.8,0.0,160257.67,130795.7,296253.0,0.0,343338.36,1358198.91,892315.77,546043.1,218801.71,319573.98,384730.67,0.0,0.0,95113.34,495615.0,130623.0,140563.0,0.0,0.0,128188.0,43084.0,55775.0,0.0,0.0
71,2004-11-01,1321007.6,495606.96,69767.95,0.0,156905.79,122278.99,285208.8,0.0,350105.13,1320852.14,836883.56,516174.66,212605.04,264804.39,348990.12,0.0,0.0,89610.68,495791.0,121314.0,140207.0,0.0,0.0,126354.0,43189.0,55572.0,0.0,0.0
72,2004-12-01,1413075.55,507957.47,72024.6,0.0,162115.98,123289.11,297406.5,0.0,323235.28,1360860.77,925357.33,518989.98,218380.53,295642.31,348816.81,0.0,0.0,90433.18,549696.0,134185.03,149691.0,0.0,0.0,150488.0,48272.0,66350.0,0.0,0.0
73,2005-01-01,1385201.75,507736.12,70968.52,0.0,160326.46,129685.54,304383.4,0.0,327647.11,1344076.13,768750.47,522315.68,215001.28,419981.92,371155.57,0.0,0.0,89751.3,539500.0,117550.0,141960.0,0.0,0.0,148415.0,44457.0,60484.0,0.0,0.0
74,2005-02-01,1233715.34,463106.93,62450.35,0.0,146427.03,114947.42,282701.9,0.0,336641.48,1135523.78,894134.83,484675.94,188534.92,364268.9,333261.88,0.0,0.0,80402.25,455843.0,114712.29,130390.0,0.0,0.0,133148.0,40404.96,54724.0,0.0,0.0
75,2005-03-01,1360467.03,520866.41,68588.33,0.0,162072.28,124880.59,313291.2,0.0,307664.11,1155467.63,975067.52,551771.61,207854.02,405986.6,369635.42,0.0,0.0,90892.58,586775.0,115115.53,133045.0,0.0,0.0,156126.0,41348.28,48438.0,0.0,0.0
76,2005-04-01,1324239.05,514106.02,67433.89,0.0,153461.45,110060.57,294253.5,0.0,329724.99,1274391.35,888622.05,540451.31,201953.69,395129.42,352992.71,0.0,0.0,88412.64,600737.0,108218.23,126844.0,0.0,0.0,138931.0,36635.24,48312.0,0.0,0.0
77,2005-05-01,1377566.89,530313.48,75366.06,0.0,157067.78,130042.46,307677.1,0.0,311162.92,1463365.9,1025731.77,567322.35,210265.96,418527.28,400009.55,0.0,0.0,94204.55,577651.0,112664.51,131350.0,0.0,0.0,137516.0,37588.05,53536.0,0.0,0.0
78,2005-06-01,1301519.66,503975.81,72262.09,0.0,151819.77,127080.56,285822.1,0.0,316231.05,1420735.26,1040678.26,551620.02,203242.58,409258.14,408334.45,0.0,0.0,88436.72,531378.0,114378.86,119550.0,0.0,0.0,132385.0,37110.18,53530.0,0.0,0.0
79,2005-07-01,1344961.54,514902.79,73263.39,0.0,156922.69,130214.57,294041.7,0.0,306161.29,1443279.8,1106967.44,593782.56,222067.24,395721.84,420835.37,0.0,0.0,91367.84,543082.0,126207.87,124960.0,0.0,0.0,145694.0,43125.91,58152.0,0.0,0.0
80,2005-08-01,1311095.03,521650.41,74022.89,0.0,161819.94,129449.07,295764.3,0.0,320304.14,1404287.37,1114216.72,599073.44,219498.18,388112.54,429179.77,0.0,0.0,89359.81,548520.0,137658.0,130748.0,0.0,0.0,148104.0,43323.24,60496.0,0.0,0.0
81,2005-09-01,1209720.18,503922.87,70985.17,0.0,158176.86,120069.84,282519.0,0.0,323878.55,1271130.09,1068722.83,561696.43,206736.6,362567.08,409522.76,0.0,0.0,79492.62,562897.0,136026.63,136156.0,0.0,0.0,145098.0,41559.38,59475.0,0.0,0.0
82,2005-10-01,1232444.23,503678.72,51200.88,0.0,140394.21,119834.1,284795.1,0.0,304410.27,1245952.38,1013777.37,585807.81,206570.73,321328.37,150291.71,0.0,0.0,84119.79,579706.0,110353.53,140846.0,141758.0,0.0,155922.0,44816.36,61777.0,46854.0,0.0
83,2005-11-01,1249812.78,489814.13,49376.98,0.0,149374.32,117579.65,275212.6,0.0,289171.77,1168727.3,1038650.58,565548.33,195950.46,337167.31,136529.31,0.0,0.0,83858.84,590031.0,126046.64,142747.0,142827.0,0.0,154939.0,40873.34,61716.0,46399.0,0.0
84,2005-12-01,1294865.74,533802.97,51103.04,0.0,159247.63,107379.68,269461.6,0.0,288921.76,1160545.23,958235.44,570559.85,199824.23,401187.36,142509.02,0.0,0.0,83147.8,629907.0,142836.37,145045.0,146545.0,0.0,169819.0,48178.25,70662.0,50288.0,0.0
85,2006-01-01,1297534.03,513833.76,51397.89,0.0,157032.05,102842.77,272000.25,0.0,301047.01,1124727.24,1066310.62,574902.45,195138.62,420367.6,142919.27,0.0,0.0,88420.04,560036.0,120964.91,126402.0,137438.0,0.0,178285.0,45012.65,66417.0,52561.0,0.0
86,2006-02-01,1053945.13,472977.31,47194.28,0.0,141609.05,108993.5,242180.0,0.0,298520.26,1063744.52,990901.89,523393.97,163984.15,376337.65,130736.83,0.0,0.0,84319.1,540945.0,109281.13,120252.0,122997.0,0.0,162925.0,40217.88,60870.0,46563.0,0.0
87,2006-03-01,1285182.31,530044.74,51935.78,0.0,159164.45,130402.52,266926.2,0.0,273602.98,1206294.93,1035528.98,590201.14,185382.11,421787.98,142933.51,0.0,0.0,92811.44,614627.0,134860.18,144534.0,155262.0,0.0,168065.0,44909.22,65726.0,51728.0,0.0
88,2006-04-01,1241975.61,501508.55,50124.06,0.0,155189.88,130661.54,252125.8,0.0,294668.83,1166160.24,1035318.79,572885.45,178781.51,413591.46,141539.73,0.0,0.0,85068.78,607761.0,129983.59,139215.0,149556.0,0.0,165642.0,45365.21,62717.0,49474.0,0.0
89,2006-05-01,1291567.99,540125.79,54489.78,0.0,161830.6,131901.95,265648.0,0.0,295021.68,1281285.37,1115036.54,575611.91,187161.48,418227.62,150383.8,0.0,0.0,89150.65,616060.0,139223.92,146958.0,148467.0,0.0,166414.0,42828.6,65770.0,49842.0,0.0
90,2006-06-01,1244391.16,520190.75,51896.67,0.0,157504.99,126413.32,256563.15,0.0,310177.97,1314672.23,1086825.61,587425.27,178878.95,405016.37,141692.84,0.0,0.0,85445.32,615745.0,143170.55,131171.0,147303.0,0.0,155678.0,41635.52,60569.0,47085.0,0.0
91,2006-07-01,1280399.28,547453.2,54796.26,0.0,164927.11,129036.44,266211.0,65715.56,311899.82,1377487.62,1099509.93,597610.43,183959.53,428850.57,137185.58,0.0,72218.47,85557.72,597990.0,117010.33,125375.0,141353.0,0.0,169097.0,44692.69,64596.0,48949.0,0.0
92,2006-08-01,1262420.42,530691.98,55955.55,0.0,164467.74,128837.98,268598.3,67381.54,316223.39,1342639.15,1100188.02,651376.86,177645.49,407578.78,146624.07,0.0,92151.89,87108.59,610235.0,128206.63,131378.0,142858.0,0.0,180723.0,44629.6,70360.0,53383.0,0.0
93,2006-09-01,1234876.82,524554.45,61108.28,174454.12,159135.27,120275.42,255439.6,62222.02,307220.6,1271654.76,1020012.54,509614.44,166133.72,397533.87,142723.18,40187.78,80971.81,82528.83,625336.0,133012.84,134097.0,145058.0,0.0,172453.0,43885.0,68049.0,52621.0,0.0
94,2006-10-01,1268407.24,541812.31,62823.67,181652.98,159539.36,123385.75,264927.4,64331.38,295884.73,1230797.94,1054402.56,504741.44,159217.61,392910.74,148408.58,41086.16,84924.5,82536.48,650741.0,131425.68,141767.0,158803.0,0.0,182283.0,45250.54,70878.0,53991.0,0.0
95,2006-11-01,1104221.27,503959.44,58942.72,141873.79,140937.25,116992.56,240597.7,60017.97,289157.81,1147652.66,1025675.68,470004.37,150622.01,348453.67,142877.36,31331.01,80742.94,79384.75,647409.0,134271.64,152040.0,158201.0,0.0,179928.0,44762.8,69680.0,53965.0,0.0
96,2006-12-01,1237849.22,522062.05,63186.96,184132.64,154938.52,122770.65,261844.05,47996.05,251305.6,1196160.18,1065485.92,455501.73,157419.68,373410.01,147517.46,46676.27,41170.24,80580.4,631603.0,142514.24,152491.0,167779.0,0.0,206815.0,50778.44,79282.0,59676.0,0.0
97,2007-01-01,1225086.76,515727.0,60186.72,174577.92,159491.95,120065.97,264983.6,36966.41,267651.92,1196568.17,1035180.05,451563.42,158027.63,414098.54,140076.64,39997.41,18459.52,81185.9,581899.0,131738.83,148705.0,152461.0,0.0,215483.0,48026.76,78826.0,62321.0,0.0
98,2007-02-01,1102360.4,479418.05,56527.13,159717.97,144221.07,94493.91,241978.8,32792.28,261468.59,1066303.68,846824.26,428319.79,140434.7,374717.22,129926.48,40301.02,13416.68,74965.63,552779.0,125564.18,139428.0,141610.0,0.0,191099.0,42279.44,68547.0,55677.0,0.0
99,2007-03-01,1218184.75,527148.37,58510.35,171717.03,155348.11,123063.79,271839.3,36304.86,236210.6,1208802.52,1084423.42,439497.63,152551.54,420121.87,137355.46,44745.38,14291.26,83437.95,628358.0,149383.34,153470.0,168900.0,0.0,203831.0,46376.02,77801.0,59094.0,0.0
100,2007-04-01,1178040.36,517213.0,64778.75,168909.58,150741.08,122667.41,266627.7,34424.01,264660.89,1254051.09,1106480.27,457112.52,141950.09,378013.37,134866.04,48575.54,11214.23,82723.35,606376.0,146619.01,144717.0,165669.0,0.0,186757.0,43391.6,69107.0,54271.0,0.0
101,2007-05-01,1209088.3,523442.9,64456.25,175043.73,155887.75,126598.98,273840.95,36780.51,254325.96,1330085.78,1160340.12,452057.44,142916.03,425814.81,151506.85,50024.2,10087.1,84931.65,655562.0,149194.61,153859.0,172287.0,0.0,196758.0,47044.42,77391.0,55620.0,0.0
102,2007-06-01,1165759.02,505792.33,64768.35,162254.05,148386.2,115541.32,257100.6,36073.5,263468.66,1292940.06,1079244.63,466224.97,143905.65,403450.31,143591.21,45870.6,10269.69,79425.91,677918.0,141667.23,146486.0,164811.0,0.0,202327.0,48081.13,76993.0,52213.0,0.0
103,2007-07-01,1142120.78,517263.01,66530.39,148825.36,145256.67,120138.46,254389.1,35682.69,242404.99,1331844.81,1126359.92,519194.05,147364.34,410596.02,143464.42,40180.29,17193.62,80291.17,666410.0,131394.11,140555.0,162163.0,0.0,220663.0,52650.7,84397.0,57285.0,0.0
104,2007-08-01,1192570.85,521700.83,68850.74,169331.33,147959.6,119135.46,259976.7,36353.93,246567.2,1321316.1,1101470.12,516813.69,148368.6,421802.89,145468.69,46099.67,10406.11,81015.29,701579.0,137950.56,145972.0,163117.0,0.0,217760.0,51213.73,78759.0,55421.0,0.0
105,2007-09-01,1152901.28,513647.93,66281.08,165422.69,144983.4,114329.17,257522.1,34811.35,251465.26,1228201.19,1065638.67,534897.9,162041.27,414876.19,142191.68,46017.34,10262.43,77442.4,661802.0,137651.21,142847.0,161626.0,0.0,205612.0,47735.22,68591.0,52948.0,0.0
106,2007-10-01,1188505.41,538949.34,64248.7,171438.14,150243.62,112373.55,267952.95,35522.1,245292.07,1159388.89,1024366.13,510390.79,152697.17,433865.98,140041.7,47080.68,10998.3,80582.68,677509.0,143433.91,159084.0,173029.0,0.0,225371.0,51491.64,81921.0,57496.0,0.0
107,2007-11-01,1048348.58,502298.49,65009.3,141231.29,137080.11,109856.8,251644.65,34001.4,249603.16,1087993.31,1033657.8,517588.74,141693.37,333265.0,128205.33,39130.33,10439.23,62279.86,684952.0,146087.4,163849.0,170789.0,0.0,213620.0,54586.0,80131.0,57172.0,0.0
108,2007-12-01,1151410.92,527008.11,62782.69,184771.63,148711.78,117913.93,266842.3,34693.24,222048.79,1170163.42,1104238.09,549247.69,140336.45,373773.8,136206.47,49515.81,10977.35,71099.89,660024.0,146705.95,157856.0,173364.0,0.0,240993.0,59418.0,83705.0,60287.0,0.0
109,2008-01-01,1145385.69,520066.22,66099.54,191770.87,146308.43,102470.49,251987.6,34561.86,230148.89,1175698.75,988404.72,549562.65,137006.49,400888.72,138719.94,50455.68,10020.56,69645.74,641397.0,134536.83,144773.0,159401.0,0.0,257086.0,59135.44,81956.0,68018.0,0.0
110,2008-02-01,1071766.72,499513.99,62755.86,178805.83,138566.2,102048.09,244561.5,31060.89,241188.19,1093399.43,974354.14,521322.6,131060.34,385559.89,133288.98,46184.61,9337.59,76716.94,605088.0,131086.3,147171.0,150405.0,0.0,223899.0,54316.81,78865.0,60904.0,0.0
111,2008-03-01,1152161.69,530761.47,65988.56,190617.01,151762.66,111303.65,247121.0,50382.19,222995.91,1193803.13,1070334.93,541584.93,140652.55,406297.15,143299.6,56818.47,43627.61,77150.72,630530.0,137498.56,156947.0,165623.0,0.0,237711.0,58279.85,87245.0,62198.0,0.0
112,2008-04-01,1090382.61,516392.84,62054.96,182176.91,148935.76,106145.23,249044.24,52190.95,232305.59,1103102.74,1038037.22,536964.14,139511.17,390019.34,138539.54,52908.99,54938.08,74707.88,667373.0,151828.47,166991.0,180516.0,0.0,211858.0,54263.03,84719.0,59741.0,0.0
113,2008-05-01,809967.31,476853.38,66596.74,28594.21,147514.02,117017.08,235615.2,34208.19,222485.34,1098060.29,1182843.87,559997.49,151353.51,293538.37,140334.74,9122.67,24474.4,39512.89,667302.0,159250.37,156635.0,179827.0,0.0,205985.0,62291.64,88904.0,61068.0,0.0
114,2008-06-01,954072.02,509244.14,63315.11,144339.37,140951.56,113252.03,240021.55,52162.35,201236.66,1121746.58,1119573.51,551712.05,164161.22,366632.59,135295.27,33993.85,36690.12,72852.88,611077.0,135837.24,96176.0,142221.0,0.0,204032.0,56756.15,79299.0,51288.0,0.0
115,2008-07-01,1093699.2,540972.81,66821.86,197513.23,144411.32,114483.79,243880.2,57459.62,210039.38,1188599.32,1135515.98,574646.28,166458.45,410967.07,142765.49,46372.67,61307.35,78309.04,675134.0,153332.83,145711.0,167873.0,0.0,240733.0,59153.1,78451.0,60104.0,0.0
116,2008-08-01,1122785.66,545894.77,69199.1,203354.57,146531.43,114301.2,238355.2,63612.56,226164.98,1215883.47,1131203.26,570259.43,164931.57,407484.54,141666.5,53000.97,73853.47,75106.89,674864.0,150872.66,141282.0,160272.0,0.0,243727.0,58927.03,70809.0,57361.0,0.0
117,2008-09-01,1092046.97,515940.73,67283.3,200622.24,139381.91,107198.02,236504.4,61222.04,224261.84,1177523.21,1050007.52,547750.66,157878.74,375977.1,139802.99,49696.8,70438.46,73611.1,644640.0,151968.57,129100.0,165696.0,0.0,242127.0,57026.05,73133.0,55679.0,0.0
118,2008-10-01,1107613.88,533404.1,67141.85,204952.31,147494.03,106557.45,242588.1,63104.93,216105.51,1109387.78,1048621.04,558511.39,163001.01,422025.3,138049.4,52229.44,72812.52,75463.24,658316.0,148117.5,151989.0,170724.0,0.0,252803.0,59972.85,77098.0,58065.0,0.0
119,2008-11-01,1071768.45,521844.14,63581.09,200193.31,139957.88,101359.73,237535.1,60070.68,228805.33,1060975.13,981797.26,533500.56,152640.79,386633.55,119024.83,49888.12,74343.91,74716.75,634230.0,136560.96,134737.0,154777.0,0.0,242741.0,56585.19,69535.0,53234.0,0.0
120,2008-12-01,1084234.99,493213.67,67968.12,180784.54,145245.26,99805.01,240261.4,60193.56,220566.45,1116225.55,962978.27,535582.7,158255.41,376956.31,131871.91,52693.1,81145.34,73964.43,663866.0,123716.7,169665.0,148276.0,0.0,294662.0,64211.48,78570.0,64444.0,0.0
121,2009-01-01,1069926.9,522285.99,62820.26,179533.86,137902.84,66055.19,239718.9,59603.52,223575.98,1065438.13,987918.28,532782.71,157604.94,408712.41,129521.92,52540.53,68397.59,70893.54,626703.0,122161.65,111765.0,141122.0,0.0,285960.0,60858.85,79675.0,63093.0,0.0
122,2009-02-01,970580.28,486831.97,59047.8,198684.47,122114.58,60208.55,214285.8,53431.44,195515.51,978058.3,890727.25,494712.63,150107.34,384903.95,108577.37,50024.28,61338.33,61092.52,586180.0,109245.74,99817.0,124892.0,0.0,257650.0,50495.84,67102.0,52947.0,0.0
123,2009-03-01,1073549.93,549347.39,64757.98,226473.32,133547.9,66368.65,214089.3,52585.27,217891.38,1118849.97,1037403.43,543018.38,161173.45,426272.04,129085.86,62750.28,49588.49,64478.89,645642.0,143400.35,119711.0,130889.0,0.0,267778.0,55588.99,73117.0,54598.0,0.0
124,2009-04-01,1033317.17,538441.88,60692.76,193645.02,129940.47,65736.62,225587.6,53624.06,207468.95,1078841.9,1038813.71,502664.46,151049.69,416112.56,124246.75,61438.91,62095.6,61715.89,635061.0,141305.31,146515.0,127548.0,0.0,260399.0,54190.21,74256.0,53184.0,0.0
125,2009-05-01,1046513.57,567877.41,58608.53,217258.81,134493.8,68596.48,227417.7,49932.79,203694.38,1083640.9,1110574.58,541106.57,155525.87,388889.7,133036.19,62284.86,59119.08,56622.52,593378.0,131347.33,154607.0,116807.0,0.0,252556.0,53193.29,74421.0,49157.0,0.0
126,2009-06-01,961481.94,553085.78,57718.93,168328.09,129348.59,69868.47,225112.0,50223.47,201536.88,1086464.87,1091448.55,525446.22,149174.6,400196.32,125872.17,52060.2,63225.27,57319.42,597923.0,143224.81,139120.0,109414.0,0.0,253943.0,54159.15,76995.0,51552.0,0.0
127,2009-07-01,1012486.44,564208.17,53095.12,204697.36,132810.8,72754.36,226195.3,54293.87,193719.48,1123104.24,1127797.91,541229.68,151058.36,393130.88,138037.69,60493.27,67091.72,60945.8,594240.0,155545.6,139123.0,105435.0,0.0,255264.0,53004.07,75586.0,52147.0,0.0
128,2009-08-01,815722.5,534780.0,59227.75,81122.93,135429.63,73308.88,224732.3,37989.08,193547.47,1035021.71,1127586.78,546414.0,148493.33,312154.89,132594.47,22374.37,24713.79,44736.36,610940.0,148494.28,143839.0,107608.0,0.0,265183.0,55872.36,77421.0,53212.0,0.0
129,2009-09-01,974687.34,545597.67,53631.1,193391.53,126290.36,67236.95,216090.3,59176.32,201282.66,992113.37,1051635.35,522747.73,141359.18,379707.54,124789.83,55848.24,84126.5,59144.73,603437.0,142165.55,142552.0,107733.0,0.0,263246.0,55503.05,77109.0,53464.0,0.0
130,2009-10-01,1035234.29,562225.81,57835.19,202933.22,129120.38,68456.0,218286.8,59569.6,211949.66,1005277.23,1070962.75,543589.45,145797.55,403959.8,138908.65,60926.15,76948.59,34478.39,622501.0,163428.54,152483.0,112265.0,0.0,280887.0,59781.72,84412.0,55556.0,0.0
131,2009-11-01,944843.73,540034.27,55269.2,177314.17,124357.53,62832.09,208806.8,58316.02,193978.87,862569.49,945323.07,520727.65,135794.99,383084.47,131614.09,56256.43,68472.54,31540.16,622004.0,160563.0,135812.0,105099.0,0.0,264925.0,58633.78,77298.0,50580.0,0.0
132,2009-12-01,976544.83,555862.37,56778.46,187353.46,130601.93,63722.35,211979.7,57855.28,201938.36,896604.43,1050675.66,532072.35,135722.15,378641.0,131060.48,55332.16,69275.22,32712.03,663554.0,141308.3,173303.0,115170.0,0.0,307204.0,66146.9,85285.0,58297.0,0.0
133,2010-01-01,1036629.19,555637.7,55063.93,195616.92,128607.91,59843.14,210670.3,56632.21,198888.59,949787.51,1006316.52,518609.77,130486.56,387474.54,128375.99,59450.67,73716.37,24563.1,628215.81,135978.38,128961.0,103512.13,0.0,314302.0,69639.81,81137.0,58947.02,0.0
134,2010-02-01,943927.39,502897.89,49566.02,164126.98,114655.06,59355.64,190931.6,51276.5,178451.31,888853.87,976158.39,469841.06,116833.83,354919.6,120431.62,52472.97,73272.07,21695.7,597419.31,126775.1,124698.0,98617.36,0.0,262665.0,57972.5,77424.0,52522.73,0.0
135,2010-03-01,1036203.14,563576.94,56572.01,201338.25,124696.37,63141.77,213920.5,51816.01,194963.5,1005295.58,1056033.81,506680.38,129851.54,389319.99,133841.27,58833.96,59427.44,24681.75,685898.81,186334.12,153612.0,127332.73,0.0,279251.0,71555.49,88851.0,64388.24,0.0
136,2010-04-01,999372.63,547654.09,50730.71,187874.96,120551.97,64083.38,206529.6,53143.97,184892.83,990176.71,1031241.84,480652.73,128003.07,340224.79,116488.76,54879.33,63253.14,22632.78,651376.0,174163.23,159317.0,156383.93,0.0,267318.0,69106.17,84880.0,59109.06,0.0
137,2010-05-01,1036035.73,554143.47,53305.2,196260.78,122940.96,67246.39,209261.3,54640.0,191098.34,1020459.6,1155408.28,511513.56,130723.16,360124.62,126709.27,61516.84,72411.85,22876.95,641278.0,177209.0,155601.0,138409.42,0.0,270413.0,68280.58,83467.0,55933.64,0.0
138,2010-06-01,1014425.28,537049.52,52830.82,189915.85,118577.83,65981.9,201907.8,53497.86,184377.31,984879.88,1149555.34,506611.83,124291.67,335627.47,122554.17,60736.91,73580.33,22702.62,626203.72,169642.12,143222.0,130853.9,0.0,262710.0,64827.39,80988.0,55199.7,0.0
139,2010-07-01,1044782.76,544159.97,53509.43,203285.46,119030.13,71310.82,205786.6,53927.58,189934.99,1020565.22,1206333.59,514592.46,124852.88,356948.31,126868.26,61791.3,82581.29,23736.26,639025.67,177914.16,145519.0,130023.58,0.0,285048.13,69152.39,86647.0,58682.78,0.0
140,2010-08-01,1046543.31,551586.86,56847.66,205135.87,120682.36,68960.61,202527.5,44333.82,190635.2,1016794.5,1229244.52,509319.51,122273.01,357330.58,131879.69,60286.71,67692.17,23339.96,641839.45,172585.06,148229.0,123720.22,0.0,286631.0,69890.84,86787.0,58398.98,0.0
141,2010-09-01,967033.42,538072.52,53125.51,200635.53,115486.21,65825.26,193373.2,33229.72,192706.45,977415.03,1162235.5,485853.94,117034.92,345082.25,129190.44,63184.73,23384.79,22849.31,655638.1,139920.36,151530.0,114730.89,0.0,279432.0,56602.86,84411.0,57407.18,0.0
142,2010-10-01,1024767.97,521261.91,55810.53,198256.37,116426.63,64376.9,199852.3,29644.2,196558.04,996275.88,1137925.23,498825.89,115876.76,360611.48,131964.08,67790.19,4544.28,23198.72,681862.71,144679.74,155966.0,113066.77,0.0,295881.6,66679.49,89143.0,60866.37,0.0
143,2010-11-01,974604.72,532845.08,54092.82,193026.34,112675.81,59448.99,193471.1,27496.06,188114.39,952999.69,1027875.76,467672.91,113767.11,336343.08,120529.91,67442.07,4494.81,21600.61,716953.45,136714.34,151958.0,114089.7,0.0,289820.0,69697.04,87626.0,62052.53,0.0
144,2010-12-01,731413.36,501294.63,56168.99,129595.19,110452.95,63116.96,196217.1,20668.56,184733.06,923321.78,1112589.32,481739.85,117781.14,348590.42,130778.56,50373.35,5783.67,21567.25,742528.05,144690.59,167618.0,120930.83,0.0,346619.0,69491.19,97546.0,69509.75,0.0
145,2011-01-01,1012942.93,539549.86,52694.49,180341.98,112529.22,60943.65,195423.7,38313.0,191066.14,957412.05,1070003.22,482850.79,117656.4,355343.99,126269.54,61912.5,24834.29,22335.53,688879.78,154595.36,132393.0,116854.21,0.0,339764.0,76959.79,94525.0,59348.9,0.0
146,2011-02-01,934150.93,488110.82,48362.33,164965.95,105783.62,55889.17,173674.4,34697.81,167550.76,850690.06,996211.17,432241.99,110334.89,309955.93,110437.72,55938.09,24199.96,20334.21,633455.06,133614.79,121225.0,107634.9,0.0,296449.0,65402.94,94423.0,55819.36,0.0
147,2011-03-01,1016652.41,541228.11,55056.0,186076.71,117859.56,56000.5,189216.1,38042.26,186721.77,929611.22,1052687.23,473961.47,124060.61,346530.42,122767.57,61434.92,25386.2,23177.92,734772.57,155634.89,156227.0,123456.82,0.0,329024.0,73320.37,113387.0,64881.78,0.0
148,2011-04-01,701997.99,496682.83,52832.71,32224.04,112525.13,63319.13,178491.1,35207.47,178670.52,829670.92,1137131.79,432412.1,120054.14,326203.29,123755.57,7788.9,24786.1,21485.03,726026.02,171059.87,158372.0,122985.06,0.0,300008.0,82204.56,102829.0,61207.49,0.0
149,2011-05-01,715099.64,548768.51,53520.86,131364.75,116004.01,64588.82,176944.9,37214.49,183301.89,873239.49,1202363.82,485713.83,129794.28,347004.33,127584.45,38278.79,27365.01,21639.29,702094.44,167767.69,150623.0,66921.99,46861.42,288702.0,83480.0,100289.0,37000.37,21517.98
150,2011-06-01,745449.88,528557.83,52297.43,119769.82,112860.01,63319.68,168172.3,33830.74,178232.3,858907.93,1188166.23,475800.86,125484.09,349677.98,117708.52,38769.92,26080.62,21488.37,668645.88,162502.07,155896.0,66272.36,49323.51,284921.0,71150.91,102914.0,35997.08,21118.45
151,2011-07-01,858922.5,549536.36,193377.72,167949.4,116905.0,63155.53,165729.0,30331.05,191520.41,896026.11,1204892.44,488448.36,133477.41,366517.3,126919.44,52030.06,12763.54,22032.98,704368.51,160153.87,157010.0,68623.01,45425.23,317492.0,70313.45,116882.0,40803.9,23915.64
152,2011-08-01,997306.75,542094.7,190189.87,178779.63,119729.71,64191.76,166072.9,36469.19,186440.8,905455.31,1215368.5,492846.31,136522.11,358830.7,124439.32,54227.81,27469.27,22244.72,697169.0,162944.45,164879.0,70476.47,54036.93,312690.0,70431.01,116728.0,39289.41,24172.61
153,2011-09-01,979632.7,524307.03,181325.03,174184.51,115050.32,62883.32,163821.8,35369.47,183794.35,863695.09,1181754.44,479618.37,130666.28,336772.04,120155.9,51722.59,27283.15,21535.37,690752.0,166767.13,159233.0,66581.25,55186.76,305584.0,79502.57,112014.0,38248.44,22761.43
154,2011-10-01,1024865.72,541283.48,184953.87,181709.36,116931.45,70724.42,169338.9,36017.95,194188.51,902251.42,1191356.59,491774.54,131967.35,371037.38,119431.01,59578.91,27665.71,22191.24,689653.0,156492.94,155741.0,65650.33,55528.88,318449.0,77723.69,118418.0,38777.56,22538.81
155,2011-11-01,981230.81,524008.49,178278.59,179930.98,112578.87,64755.54,161469.5,34440.71,187770.01,860390.11,1120753.9,464426.02,125417.84,358139.5,115818.7,62109.39,25546.05,21633.09,705249.0,155696.81,159121.0,72473.21,58278.52,316551.0,73916.09,123956.0,39456.89,22377.87
156,2011-12-01,983993.6,548583.71,184411.9,187254.59,113919.11,61711.84,162799.4,41221.74,193031.66,877078.63,1113501.28,485950.99,128138.34,361686.06,115706.5,64489.87,41349.01,21691.42,722248.0,159354.34,181657.0,71312.31,57664.45,377910.0,83554.83,139103.0,43018.84,24792.66
157,2012-01-01,948982.36,533730.41,180680.74,185466.65,111571.49,59923.63,158503.9,49528.85,191757.75,879119.95,1141252.76,477475.59,121402.67,360791.54,110258.76,64575.2,59022.42,21135.25,660362.0,157282.31,135293.0,60980.67,52487.85,349532.0,90047.15,125228.0,41988.87,23506.22
158,2012-02-01,901556.23,489785.38,169486.23,166200.5,104239.81,52943.12,148398.1,46121.75,178852.24,824638.43,970297.84,435069.9,117229.8,323269.09,99688.0,60720.99,57077.82,20807.54,570156.0,142525.0,126812.0,56513.74,48944.97,311493.0,88658.0,118825.0,39756.63,22458.17
159,2012-03-01,974206.61,521594.63,180813.15,183676.8,112172.46,58959.72,156184.4,45476.95,187747.84,876283.44,1112296.05,463243.74,125983.01,348151.13,97156.07,63534.65,45783.47,22478.55,670933.0,176902.25,157846.0,63895.45,56675.5,341831.0,92957.21,124520.0,40454.94,25752.14
160,2012-04-01,926400.02,498501.14,170604.38,178809.92,104397.75,60043.45,144290.14,44569.06,180617.12,840504.46,1122800.91,434423.87,123725.15,331024.98,105328.13,62936.14,55187.4,19329.02,631783.0,179876.0,151460.0,65408.73,65972.52,308637.0,84635.0,110103.0,38093.99,23161.3
161,2012-05-01,964087.69,525964.12,181520.47,181214.93,106490.55,61969.24,150977.2,49819.38,186895.62,871900.46,1156222.5,457519.18,127043.89,338512.36,107740.92,62575.98,61116.77,21810.26,647479.0,172145.14,146407.0,60621.87,59492.19,300568.0,87266.48,117284.0,37865.06,23674.2
162,2012-06-01,924133.04,389818.11,187770.58,180255.99,98268.04,59664.92,144379.6,46315.06,180217.5,856847.19,1104926.16,422472.2,121021.6,332724.02,104160.26,57736.33,59937.57,21763.53,613897.0,161917.15,147969.0,59660.83,56087.45,303857.0,86943.38,118898.0,38374.19,24883.71
163,2012-07-01,950698.61,433594.46,191221.1,179307.37,104230.13,62344.61,147925.5,50597.33,182865.33,887751.11,1147824.38,441834.28,123161.87,334262.65,106030.56,59261.48,67729.71,21526.42,666421.0,174348.23,148976.0,63846.61,55359.35,348665.0,84804.51,117207.0,37870.78,24145.53
164,2012-08-01,968109.44,503527.81,193858.49,185321.96,105935.45,61932.8,147411.4,50499.77,181193.92,887967.12,1138754.76,446418.91,120524.41,335932.52,103611.09,63958.65,66917.76,21368.8,664189.0,156516.64,147423.0,58133.01,49209.7,344254.0,79492.96,118780.0,35283.65,23145.3
165,2012-09-01,929692.86,485821.66,184713.58,181861.38,103895.69,59546.74,139107.1,49709.52,177712.87,858249.0,1094313.06,429144.1,115436.71,332166.04,104042.33,61419.88,66815.98,20479.83,634009.0,143525.76,134217.0,51796.72,48080.58,346145.0,74116.65,113275.0,33697.72,21813.44
166,2012-10-01,956334.25,489350.37,189165.15,191858.18,114641.52,59943.24,137954.7,49913.74,180882.01,869969.33,1130753.87,438577.15,120449.92,326230.09,106987.25,64026.9,67513.69,20970.43,663409.0,142904.65,142283.0,55342.3,50389.76,358790.0,75015.92,121941.0,37379.21,23286.9
167,2012-11-01,896305.08,468074.23,171502.97,182262.34,111572.6,57296.06,115398.0,46385.18,164913.13,825211.59,1073367.01,414450.36,117470.69,307310.7,109286.34,61975.89,64124.81,17703.19,677346.0,193690.0,133866.0,57797.81,63462.76,349623.0,82600.0,124781.0,38804.5,25392.88
168,2012-12-01,955652.17,474704.02,188572.89,187368.52,108276.02,58041.3,133902.3,45294.29,187717.93,848223.59,1069945.17,414875.58,123504.18,317760.93,114106.51,63973.77,65162.44,19897.15,655573.0,176046.0,167236.0,66448.71,52638.66,402642.0,96175.0,131551.0,42575.61,26153.61
169,2013-01-01,945449.51,465270.36,183651.23,188347.32,101590.44,53559.03,126976.8,47463.35,180435.19,868604.76,1060946.63,412047.23,120142.92,304576.58,109006.57,63097.73,66131.35,20286.3,646724.0,169968.94,138780.0,52158.42,62098.92,396815.0,98244.75,127279.0,42883.06,26056.8
170,2013-02-01,868291.25,415762.95,166476.54,165816.81,93448.01,48071.97,115660.2,44346.07,160397.28,789329.18,979711.73,364445.96,106018.14,270223.18,98737.52,59625.19,63279.05,19930.23,573029.0,160892.0,116752.0,46848.23,47104.59,354370.0,89649.21,110922.0,37914.92,23628.36
171,2013-03-01,968354.7,462281.26,187157.03,185477.21,101222.82,49119.56,128320.9,46636.01,181083.48,864266.15,987040.57,413451.69,115558.36,297149.4,109438.78,63396.48,63435.0,21937.15,682617.0,184512.0,137948.0,50872.05,54562.91,382338.0,91294.0,122440.0,36589.73,24929.61
172,2013-04-01,924836.37,446571.44,185081.49,170656.12,97578.86,49099.4,119731.7,44050.65,174281.42,823399.39,1007731.52,393449.62,109991.55,294257.7,103977.93,60495.99,54734.14,22185.3,681801.0,181724.6,160920.0,66622.66,64096.39,328994.0,90650.65,130064.0,38583.41,24536.82
173,2013-05-01,979550.34,473245.35,191854.39,182187.98,100310.95,54705.14,125241.3,45752.41,178681.36,878510.5,1068162.75,419051.74,110142.7,301033.13,108796.69,66597.78,55551.47,23886.23,686761.0,177548.1,161852.0,63798.07,64849.15,349323.0,95160.66,136548.0,38317.98,25650.72
174,2013-06-01,944724.56,469270.48,179877.14,169903.48,96039.08,53885.46,120089.6,48696.52,168563.25,860482.45,1042004.52,389838.19,106178.31,287849.6,102383.73,65791.45,69544.11,22950.74,619424.0,163170.08,154095.0,58139.4,55753.27,348629.0,85525.01,125094.0,35597.64,23138.86
175,2013-07-01,996613.9,481160.58,189365.09,182640.05,99307.4,57378.83,126058.2,49280.46,173860.63,889460.08,1070595.44,393135.43,109033.06,305452.26,104332.41,68070.84,74218.26,21234.15,666107.0,170204.55,160983.0,61972.35,60236.04,378151.0,91378.55,137579.0,39632.89,26209.9
176,2013-08-01,987671.14,479495.42,189654.34,184004.86,98817.28,58391.54,126137.6,47981.03,172173.43,908856.78,1069037.97,391605.0,111155.91,309521.77,105232.12,67755.99,73772.89,21946.79,667036.0,176358.51,161876.0,61617.01,58205.76,372771.0,90194.09,136506.0,37979.84,25605.2
177,2013-09-01,978268.18,465877.93,185782.22,172051.91,98511.28,54020.35,119440.05,46559.95,162756.82,889397.62,1011628.25,387318.56,111878.0,290533.91,105742.59,65261.48,74905.39,21705.16,633001.0,162175.0,145860.0,58707.1,53143.31,354893.0,85630.0,129067.0,36345.19,24372.92
178,2013-10-01,1020859.07,482755.99,192457.33,182231.73,101623.58,55631.76,123353.1,47201.48,161620.35,916453.48,1030677.2,399846.29,114036.56,302135.53,105822.11,66375.02,71655.41,21915.82,682286.0,176059.5,155180.0,63506.23,56780.57,389953.0,98614.1,132640.0,39952.92,27394.96
179,2013-11-01,992724.64,463177.06,183350.36,177598.75,93451.4,50913.3,118829.0,46075.91,155888.47,900409.84,989997.7,386897.05,111042.99,294955.54,99402.4,63545.79,71240.15,21412.02,666243.0,167724.95,148332.0,63727.08,59573.95,377133.0,99135.05,129037.0,39704.01,25989.52
180,2013-12-01,1033302.95,478687.4,190761.51,170252.74,93782.48,53248.34,118899.5,48274.53,157536.6,945110.16,1011778.16,396409.28,110866.72,290153.18,96273.51,63970.71,72250.96,20666.59,666497.0,173068.78,174146.0,67727.54,53158.63,420680.0,107046.08,152005.0,45500.33,29265.11
181,2014-01-01,1033051.93,473450.31,191249.28,171285.43,95923.19,51395.97,113542.8,49928.33,163581.55,948349.35,1040325.9,393118.75,108217.9,293626.92,100236.87,60899.01,69636.72,21774.77,640251.0,185822.0,143545.0,63595.08,53353.37,438445.0,103382.7,128426.0,38261.01,29862.43
182,2014-02-01,933625.11,428654.88,169149.38,157306.13,86291.61,47285.18,98986.3,42949.69,146197.05,864281.51,932884.82,359509.93,96463.32,263189.66,85542.81,55852.8,63143.87,20568.95,602773.0,158783.0,126581.0,57397.66,49906.4,395797.0,93077.0,117036.0,34914.16,26289.22
183,2014-03-01,1069926.76,477685.43,183482.83,168735.06,97286.93,51294.28,108133.5,49068.26,110703.11,966186.08,971355.87,401173.9,104753.29,286630.12,95731.26,64331.03,71976.48,22788.2,650003.0,177052.0,140563.0,66381.64,53745.12,399686.0,98480.0,122847.0,35280.81,26217.89
184,2014-04-01,985290.01,462494.61,175481.15,159456.31,92873.88,41875.15,96310.7,45299.22,101817.3,902124.51,889924.63,382390.9,100257.61,268244.45,85682.82,62039.4,68981.48,21535.05,752235.0,189867.0,163220.0,74278.97,66239.36,397972.0,98294.0,125625.0,36258.26,27323.0
185,2014-05-01,1057562.47,481639.23,182239.95,157916.71,96936.38,53411.8,99934.3,48314.2,106828.12,980890.78,1033747.47,395038.04,107168.74,280122.73,92242.43,61373.72,71741.86,21833.76,677360.03,161590.0,145114.0,66565.74,57354.94,385130.0,93560.0,116960.0,33796.07,24379.08
186,2014-06-01,1035720.15,470192.69,175107.03,149602.13,91909.2,51426.74,95862.7,47349.28,103417.95,963140.35,984786.6,383500.12,104063.83,270638.91,87332.97,63516.5,71809.34,19619.0,687503.47,173140.0,145800.0,70167.69,61757.98,380577.0,93408.0,121186.0,36488.52,24795.32
187,2014-07-01,1069366.38,488831.61,176703.57,155860.84,93908.93,53285.05,91380.0,47288.31,101329.41,1023036.56,1018677.55,408445.12,101182.8,276163.06,90619.31,63323.73,73575.59,19169.04,718281.54,194081.0,153411.0,69816.08,64025.73,414338.0,99855.0,127838.0,37946.93,26385.04
188,2014-08-01,1095454.08,492763.92,178712.42,130158.05,93882.15,52954.17,94941.2,46833.92,106752.1,1041113.13,1000587.67,413452.41,99092.9,282902.37,91034.68,49599.18,70182.68,18921.45,627524.92,158618.0,140594.0,60540.32,49038.8,394106.0,96393.0,122489.0,35971.05,23097.84
189,2014-09-01,1073203.17,476733.6,177569.24,147049.85,91403.33,50946.51,90736.9,46988.16,109002.18,1009185.73,964348.04,401353.86,99229.22,272444.31,87350.2,56436.0,69734.79,18146.87,658703.95,175971.0,157324.0,64051.33,52545.44,391693.0,98667.0,130549.0,36824.73,22289.87
190,2014-10-01,1116824.09,495718.44,182185.87,153199.69,92445.18,46208.07,91486.6,48275.14,108545.05,1056129.02,899242.1,410269.53,105416.79,283010.58,91790.08,58115.49,72873.3,18121.39,674438.06,180565.44,164396.0,66157.71,54392.24,410580.0,103699.99,141549.0,39366.32,23095.03
191,2014-11-01,1085885.3,480915.97,160300.18,149953.11,89192.79,48339.22,87807.0,43170.18,98081.42,1023133.64,936482.93,391663.32,98980.21,262589.91,94705.77,59626.91,64099.61,17746.71,651556.26,172496.0,155345.0,72123.12,63885.07,392290.0,101679.0,130753.0,37446.31,21564.28
192,2014-12-01,1113966.82,504785.96,174963.07,149350.4,92201.6,49891.12,91647.27,41152.25,98049.97,1077581.09,962101.45,423250.84,101226.08,272193.35,96213.2,61659.58,56355.68,17880.96,660202.9,191776.0,160804.0,73968.95,62751.5,452489.0,116002.0,149103.0,44443.75,25313.6
193,2015-01-01,1102512.88,505002.45,172562.42,149871.72,88852.86,49589.78,88898.0,47202.89,100157.64,1083553.8,949207.9,439391.09,101439.0,282218.03,97835.25,62167.66,77413.37,18375.8,649266.0,163852.8,137241.0,66015.0,51301.34,423148.0,107193.71,131486.0,44907.65,27442.4
194,2015-02-01,988139.72,455713.95,153386.98,129988.14,82161.19,43932.3,79610.1,41905.49,89168.34,983653.83,828426.24,402177.37,91856.73,253742.38,91814.24,53783.44,69391.36,17684.15,600375.0,123889.9,119196.0,51583.1,42560.09,382747.0,85109.8,113983.0,36033.89,23456.27
195,2015-03-01,1109718.01,505917.75,172293.37,142955.55,87287.39,48075.62,87903.3,46664.32,100511.43,1099322.52,942428.63,455851.71,100519.66,278928.35,100887.56,59221.82,76279.35,20012.07,658595.0,147844.23,140390.0,54512.7,47728.56,400200.0,84505.82,125230.0,37323.42,22020.48
196,2015-04-01,1074795.15,490863.51,170427.46,138246.09,88967.79,46879.63,82839.6,45558.52,67970.65,1068336.04,921325.74,444191.56,103418.8,190252.24,91610.36,58836.04,74176.47,19115.29,660135.0,155874.4,150634.0,57194.3,55030.51,375560.0,84339.1,122258.0,34788.76,21344.49
197,2015-05-01,1125208.75,511475.58,180016.32,142019.23,94836.05,49158.53,82126.5,46500.98,69993.91,1111242.24,975965.4,464149.0,111449.04,197165.25,93943.69,61051.43,75578.25,18832.11,661297.0,155180.1,144054.0,55579.49,54810.61,376545.0,79146.5,113950.0,32100.45,21252.2
198,2015-06-01,1084855.86,497811.08,169327.63,137370.6,94923.87,46326.91,78388.8,43726.38,66626.07,1073359.52,932928.71,451719.05,110483.69,191970.64,92847.64,64619.76,67869.02,19095.24,648621.0,184841.7,144366.0,59609.2,58357.96,358339.0,77429.7,108936.0,31129.35,20391.97
199,2015-07-01,1117485.2,513705.13,170613.04,139378.07,95745.16,47200.68,78882.34,45710.52,71776.84,1113036.62,948782.24,467267.81,108221.1,199530.39,94269.72,66135.3,70503.73,19997.36,724494.0,191760.1,150406.0,60927.34,64021.85,386428.0,84240.2,116198.0,33564.54,22020.0
200,2015-08-01,1108396.81,514420.07,174011.74,139421.22,88123.41,49465.96,79966.05,39644.36,74454.5,1111880.92,1004086.08,483686.8,113369.41,203677.84,97967.92,68632.07,55445.22,19952.84,709687.0,167287.0,144101.0,57502.43,54904.7,383138.0,88664.0,116391.0,33693.61,21777.27
201,2015-09-01,1087740.1,500714.46,168347.51,134755.55,78306.69,45177.33,76078.64,33916.24,68163.44,1077936.15,923040.64,472061.72,108180.68,198847.41,97516.2,65624.29,39077.0,19169.42,672398.0,164634.0,139670.0,57271.71,51931.38,377730.0,89611.0,116724.0,33699.73,21060.74
202,2015-10-01,1144307.15,520382.22,169165.41,136601.77,89792.64,45178.36,76878.99,44712.61,69912.32,1120119.96,959547.41,484595.32,115828.92,222156.91,101525.23,67133.83,75386.55,20302.22,682599.0,184604.0,147087.0,62702.95,54416.93,396085.0,97788.0,124336.0,35329.54,23572.02
203,2015-11-01,1092277.92,502604.29,163311.93,138439.62,87702.03,43638.76,71851.02,36889.45,65393.82,1085587.64,927307.28,465560.54,109400.46,213099.79,94491.69,66648.91,53431.54,19569.54,656780.0,168525.0,143585.0,67364.11,52780.55,377242.0,93568.0,115253.0,33188.06,20889.24
204,2015-12-01,1142637.01,515485.5,160605.5,140558.66,94481.12,36305.81,72420.06,43859.03,64673.06,1130663.87,825067.57,491219.28,115550.01,227040.17,95841.24,66320.07,68904.47,20869.72,668679.0,162891.0,147994.0,68185.64,52493.62,428897.0,103604.0,132966.0,38222.05,27033.07
205,2016-01-01,1128851.54,505773.39,154739.77,136770.26,89666.95,43694.63,70125.05,42919.17,61315.37,1137778.65,959081.36,482617.51,111879.64,227996.25,96115.98,67172.85,71779.74,20012.77,614491.47,161606.0,146440.0,68153.79,56819.18,437657.0,105233.0,135587.0,39891.65,24775.25
206,2016-02-01,1044357.28,461322.8,151591.19,122231.71,77254.28,40713.31,64887.62,38447.8,58419.34,1066440.67,909895.05,456300.14,101091.9,217891.65,92314.36,59749.76,61484.34,19097.7,574974.1,162549.0,147548.0,59310.57,49670.95,414003.0,100757.0,132839.0,37915.96,23776.01
207,2016-03-01,1129722.92,497379.93,165326.44,135313.27,79180.29,45078.27,68131.5,41368.0,60469.56,1145161.4,1021297.27,485885.56,106263.26,235297.18,98492.54,65665.88,69828.03,20222.67,647820.2,172131.0,167026.0,75601.34,56873.61,413760.0,103241.0,138120.0,38552.54,24584.91
208,2016-04-01,1103720.25,475642.06,161049.83,130402.46,73414.69,46551.54,61887.3,40590.33,57231.42,1147164.24,974663.01,476792.63,101762.53,225883.48,94882.78,63576.85,70656.66,19339.28,605214.76,187546.0,182806.0,72213.85,50518.81,370082.0,101574.0,121774.0,35445.02,19459.74
209,2016-05-01,1076649.92,484393.41,157874.68,132105.83,74490.6,45142.03,56812.03,36898.66,58415.46,1166871.46,1052071.26,503544.52,112249.81,234918.43,96436.86,69412.07,63814.28,17440.13,698152.37,214049.0,186322.0,73578.13,63444.88,372940.0,104450.0,123278.0,34248.82,18181.17
210,2016-06-01,1075678.13,461887.58,145814.86,128312.47,73509.03,44936.43,49161.85,36773.28,57274.35,1125379.04,1037417.21,483912.77,109507.21,226970.5,94009.38,65530.88,55858.3,17561.46,688229.22,193081.0,203664.0,88186.41,55465.51,359247.0,107719.0,130139.0,37314.97,19122.31
211,2016-07-01,1145321.41,474118.36,162547.68,131239.69,76353.85,46401.86,50855.5,44695.93,60488.37,1196017.94,1074151.1,498754.36,109362.4,232241.44,98671.26,70682.66,76502.35,19306.57,638216.6,181917.0,168741.0,75628.56,51278.89,395600.0,105976.0,135120.0,35283.63,18844.4
212,2016-08-01,1138230.36,479794.62,161057.11,128012.13,71016.96,48546.69,51929.96,43326.06,59864.78,1183492.49,1073181.05,490991.02,111893.0,231819.26,100172.01,68787.64,74848.5,18638.42,654566.4,184400.0,174583.0,80752.57,56032.68,387930.0,115138.0,148435.0,36600.43,20356.19
213,2016-09-01,1108503.55,471923.94,152790.11,131376.23,69303.1,48226.18,50638.96,39990.32,59559.13,1140993.86,1035141.85,471675.74,104470.65,225905.19,95641.02,64865.04,66791.9,18440.73,614899.6,134328.0,170718.0,74851.43,51270.63,376184.0,92125.0,148687.0,36056.34,20578.92
214,2016-10-01,1140216.51,490898.35,153256.89,136484.66,71887.21,51809.9,51981.85,41642.96,62593.36,1206829.57,1065209.59,476539.48,108861.68,246060.23,97128.74,69800.53,71566.91,17210.48,617013.39,162290.0,164855.0,66907.06,45829.46,394855.0,111855.0,153218.0,36413.87,20727.75
215,2016-11-01,1094565.76,467957.05,150335.8,128599.1,69312.27,43180.99,49376.63,36652.97,33708.01,1257964.71,951546.96,463390.12,108231.06,122960.58,93166.42,67668.87,62817.3,16840.49,635479.38,182427.0,167997.0,67470.25,48720.98,388277.0,111762.0,152997.0,36741.15,21408.51
216,2016-12-01,1108013.57,485218.23,149459.5,129811.09,69349.97,46278.84,49830.71,35227.0,33146.56,1274801.94,1034148.68,471565.15,109439.17,131699.59,95362.73,67669.56,50278.47,17988.39,661738.91,191782.0,165895.0,69180.63,48182.02,440295.0,123452.0,172898.0,42458.23,24423.55
217,2017-01-01,1119916.73,479034.01,148716.3,129072.49,67825.54,45494.09,48507.12,40052.99,33160.07,1308890.69,1031311.39,468290.13,110445.81,131679.97,94061.5,67579.55,72410.14,17819.55,607185.36,184870.0,140127.0,55624.86,41765.92,445406.0,119396.0,157559.0,39999.91,23795.63
218,2017-02-01,976682.97,435712.53,130392.04,118821.74,60489.53,32056.34,42238.29,34310.4,29851.37,1174275.26,761878.25,429134.85,99417.41,123125.22,86436.36,59875.45,64029.52,15311.5,548895.58,148370.0,134210.0,62831.29,37859.53,397697.0,101680.0,143065.0,40739.26,19585.71
219,2017-03-01,1084938.15,479418.05,144108.26,129120.36,64852.88,43617.52,44898.47,37403.21,35808.7,1321652.9,984730.54,471440.61,119838.91,139053.05,92427.82,61271.62,68988.23,18520.54,646316.45,175276.0,168485.0,77406.0,54034.35,428299.0,95143.0,162780.0,44736.52,25217.37
220,2017-04-01,968069.39,452171.47,136759.22,117117.19,33264.01,38306.79,44851.57,31735.75,35532.21,1249783.22,1014069.34,456057.33,119958.43,136207.04,90527.58,59586.17,66915.57,17487.43,614297.82,128044.0,159980.0,80814.62,53483.84,407132.0,96239.0,136081.0,42094.18,22754.85
221,2017-05-01,1051017.57,477233.5,128686.79,123080.44,52870.88,41853.5,45448.26,35134.12,35834.59,1293355.85,1003424.44,472595.25,131437.24,140537.99,92643.02,65493.59,62879.07,16150.02,681533.54,161243.0,179001.0,81333.83,56937.47,407339.0,101795.0,149936.0,39006.79,23197.49
222,2017-06-01,984436.47,443486.79,139788.7,117125.98,53431.53,40342.66,44618.09,28147.31,35227.66,1240063.71,998249.3,453937.04,129143.06,137011.18,90359.82,60761.93,59008.22,16331.16,649836.78,172518.0,179809.0,79359.52,58417.55,396798.0,104977.0,149422.0,35814.8,23454.52
223,2017-07-01,1057930.26,466776.79,151045.74,120986.68,61170.2,43343.63,44790.31,19303.39,36075.69,1283665.5,1063350.96,464780.5,134575.87,142551.93,92343.59,62307.62,59492.45,17229.36,653552.15,173725.0,171889.0,69759.48,52655.22,433633.0,111394.0,153851.0,35862.43,21415.96
224,2017-08-01,1065766.02,474647.79,146666.83,123680.8,61827.2,43355.09,45011.27,36758.08,36514.89,1280089.33,1042011.02,478804.8,135759.71,144645.36,93501.58,64844.32,74068.47,17268.65,659916.13,193086.0,168954.0,76433.71,60924.21,424733.0,116842.0,160374.0,40917.69,23323.68
225,2017-09-01,1045054.03,469611.41,148402.96,121866.4,62227.04,41697.73,44243.86,26046.74,34473.7,1234980.76,1015842.9,457877.46,134306.92,140980.79,91199.35,64169.25,35208.22,16910.43,652434.84,179777.0,167562.0,77411.74,57545.53,419243.0,115887.0,153589.0,41719.48,21745.82
226,2017-10-01,1081240.32,491510.04,152002.43,122274.56,65844.25,43568.87,38697.88,36617.42,35548.68,1264314.97,1048968.42,460796.33,148959.79,138359.18,94193.11,65600.42,67647.83,17830.0,674070.82,174055.0,171578.0,73674.79,57617.01,445381.0,114986.0,163889.0,41322.61,23129.86
227,2017-11-01,1050904.09,478160.31,145650.12,116901.51,62534.98,37314.67,36235.54,33352.91,33888.86,1136004.6,947094.75,431658.84,131374.55,140597.73,90511.51,63125.8,68339.75,17047.78,683146.36,180167.0,183015.0,85484.98,62937.59,436435.0,117273.0,160076.0,44725.81,23288.33
228,2017-12-01,1080193.0,496877.96,147508.33,119701.2,61163.48,38995.32,32139.49,39260.0,33810.56,1225676.65,996623.78,452374.56,142433.21,152489.0,91069.58,58974.84,104883.89,10745.12,681680.74,180571.0,174636.0,84171.65,52711.2,474920.0,129566.0,175556.0,48412.95,22150.75
229,2018-01-01,1074807.37,491979.58,142574.02,115502.72,58323.51,40838.53,31398.15,36190.65,33851.97,1267350.35,1013645.5,450642.21,144489.7,153676.41,89259.36,59558.62,100708.92,10823.73,646834.0,159339.0,161404.0,70346.62,49305.08,481246.0,116851.0,163343.0,48437.91,21181.42
230,2018-02-01,980865.68,448054.72,125602.59,103835.59,52763.06,36735.62,27618.34,30298.29,29674.05,1173202.57,900273.88,393290.05,172608.74,139418.46,86601.69,52627.09,70292.43,9971.36,564893.0,152158.0,142676.0,69691.19,38666.73,431975.0,108539.0,150178.0,44802.36,19698.86
231,2018-03-01,1099164.44,502883.18,134454.41,112050.67,60063.55,38364.97,31541.78,34611.5,32885.39,1292746.02,977090.2,438297.51,232663.54,148654.21,93333.98,56668.04,89316.32,9446.79,690171.0,205881.0,189790.0,93750.47,7010.57,457326.0,125129.0,173900.0,50313.29,1913.98
232,2018-04-01,1054720.63,489940.6,131381.28,106050.3,55085.96,40568.82,30125.38,31342.08,751.63,1267200.05,991477.95,428056.39,237615.05,140696.8,87658.04,52482.66,82546.24,8736.34,664266.0,189717.0,168659.0,96828.98,0.0,431645.0,117024.0,156863.0,45723.45,0.0
233,2018-05-01,1087867.57,503084.15,132453.91,107547.64,59963.5,41621.23,30360.88,35650.65,0.0,1204609.67,1017063.3,441174.02,289176.09,0.0,90694.01,52410.17,94104.51,9282.12,678901.0,182001.0,169993.0,78845.2,0.0,428579.0,128938.0,160865.0,38246.79,0.0
234,2018-06-01,1048835.01,478142.4,130518.09,102215.71,59663.28,40435.12,29128.18,43140.27,0.0,1239917.77,997853.3,439764.04,313516.9,0.0,91196.93,48918.61,106147.67,8723.22,672203.0,175633.0,159471.0,62757.1,0.0,410902.0,118523.0,162386.0,30881.15,0.0
235,2018-07-01,1077291.33,496454.59,130466.42,104365.07,65766.41,41023.92,29800.21,45881.66,0.0,1243542.9,1040847.94,472913.12,332110.69,0.0,92208.63,49934.93,123093.35,9109.37,695702.0,164087.0,150328.0,57442.05,0.0,436120.0,121239.0,161986.0,28251.07,0.0
236,2018-08-01,1144137.27,496931.84,130122.23,103466.77,74854.37,40583.24,30114.6,28753.44,0.0,1411850.13,1061573.28,476038.9,379240.91,0.0,91165.8,48649.61,122277.58,8916.38,707040.0,200596.0,168251.0,58175.66,0.0,429977.0,128604.0,168118.0,29754.85,0.0
237,2018-09-01,1129275.45,480091.32,125044.9,98087.75,82844.17,41069.98,28398.95,28328.98,0.0,1309299.83,998960.84,463579.21,404882.09,0.0,82658.43,45988.8,115686.12,8503.59,649163.0,161634.0,137864.0,47867.65,0.0,402213.0,109816.0,140079.0,24745.33,0.0
238,2018-10-01,1164353.54,501512.66,130372.6,101290.81,82136.7,45223.44,28114.24,26891.81,0.0,1312333.63,1057111.04,463985.14,467944.14,0.0,88331.48,46890.74,120174.26,8427.19,662454.0,183503.0,155638.0,62766.28,0.0,426796.0,116491.0,157228.0,28935.42,0.0
239,2018-11-01,1116135.83,496528.04,126606.75,96513.86,78657.14,32898.1,26742.11,20055.5,0.0,1174754.09,792837.59,451485.27,503683.56,0.0,84246.91,44759.74,92430.64,8073.11,661397.0,167574.0,149222.0,65323.18,0.0,421287.0,106240.0,144414.0,30373.56,0.0
240,2018-12-01,1159457.95,515827.82,129805.03,99162.85,74943.99,44473.29,27841.0,22976.97,0.0,1161808.71,987622.96,466936.61,525554.34,0.0,87811.15,45918.74,122975.46,9115.3,664043.0,181904.0,156325.0,68563.75,0.0,474735.0,121679.0,164939.0,32927.43,0.0
241,2019-01-01,1161988.92,510389.15,127916.63,98992.87,76400.09,49641.15,27358.44,24662.13,0.0,1181094.12,989588.58,453084.64,512349.84,0.0,85874.17,45414.2,114596.86,8658.07,602514.0,177583.0,147795.0,67677.05,0.0,460051.0,113026.0,153170.0,36545.05,0.0
242,2019-02-01,1056728.14,466739.36,113594.95,88211.98,65341.41,38412.26,23868.49,22837.97,0.0,1117297.59,940425.59,426787.65,508810.33,0.0,77992.96,41397.65,108024.15,7121.3,584737.0,174289.0,148810.0,61994.56,0.0,424651.0,106592.0,146529.0,35111.86,0.0
243,2019-03-01,1162910.3,516819.65,131024.27,96885.06,71100.29,40521.43,26819.07,27064.63,0.0,1116237.2,992395.48,457028.23,555552.54,0.0,88213.28,45780.57,124667.26,7920.58,646377.0,210810.0,160412.0,61747.18,0.0,446361.0,117974.0,154770.0,36954.38,0.0
244,2019-04-01,1129886.64,503186.37,124071.68,93756.3,67222.27,42936.66,26330.95,27974.53,0.0,1177978.44,973269.61,437167.84,505458.06,0.0,83544.62,44948.3,121822.97,6506.72,635028.0,198305.0,171724.0,67240.0,0.0,410740.0,109346.0,144651.0,36547.67,0.0
245,2019-05-01,1164091.36,514552.05,129650.36,94875.47,70484.27,46698.82,27037.68,29500.22,0.0,1306345.39,1074166.41,457215.12,514228.53,0.0,85770.96,44631.1,127149.04,6768.05,647402.0,201999.0,163708.0,62990.33,0.0,421253.0,115765.0,152704.0,31225.21,0.0
246,2019-06-01,1104905.97,499335.68,125775.96,91096.7,64777.81,44958.23,24673.73,30094.73,0.0,1315220.8,1037550.25,435356.32,548759.16,0.0,77847.44,42422.99,125270.06,6604.24,591846.0,185156.0,153045.0,77488.3,0.0,393893.0,108981.0,142040.0,33050.58,0.0
247,2019-07-01,1158714.13,508675.54,126678.33,96771.62,70037.37,49309.32,27077.75,30779.43,0.0,1395223.54,1130228.75,458328.53,573308.05,0.0,78079.75,44835.75,126724.78,7401.38,645362.0,213047.0,177458.0,83217.32,0.0,429720.0,119298.0,163109.0,37782.1,0.0
248,2019-08-01,1183217.21,520971.79,126620.02,94598.86,72543.53,50829.55,27119.85,30364.03,0.0,1408621.7,1093075.73,453235.18,559010.1,0.0,79471.62,45286.19,128395.12,7208.15,655666.0,207292.0,169697.0,79639.63,0.0,424457.0,117465.0,160899.0,38708.06,0.0
249,2019-09-01,1137765.28,505600.38,127923.33,90467.66,71782.2,49372.72,25892.32,28576.65,0.0,1312062.83,977825.49,418225.66,469837.5,0.0,90417.53,42649.89,123400.99,6778.03,612193.0,169349.0,163393.0,72053.38,0.0,402673.0,107594.0,154718.0,38411.11,0.0
250,2019-10-01,1168835.52,530432.71,138893.73,92704.16,73057.4,50132.87,26961.22,27993.43,0.0,1310173.88,1062293.82,436217.77,545358.54,0.0,110400.75,41142.6,124813.63,6975.85,643630.0,175279.0,174174.0,75332.27,0.0,430700.0,114087.0,172872.0,43051.72,0.0
251,2019-11-01,1133736.78,509724.26,137803.95,90960.71,68947.97,46183.03,26606.11,27616.21,0.0,1195635.24,930374.15,401110.45,343891.95,0.0,116836.54,38257.27,120674.53,6909.91,647968.0,190528.0,162555.0,77823.07,0.0,420409.0,118715.0,156952.0,41821.49,0.0
252,2019-12-01,1166796.47,527152.0,143952.67,92983.02,71764.32,47851.9,26372.22,27401.33,0.0,1208216.44,949185.41,389651.47,391525.1,0.0,137756.2,38499.03,122946.85,7188.02,641303.0,188528.0,167166.0,76238.77,0.0,454758.0,122421.0,173186.0,43315.23,0.0
253,2020-01-01,1160731.45,525878.5,140495.78,90464.27,70173.6,44154.67,26123.07,29222.41,0.0,1207810.48,950440.39,410495.36,468646.73,0.0,141479.86,38237.69,122559.34,6941.83,599725.0,170516.0,154736.0,63087.24,0.0,452780.0,121718.0,159480.0,43519.15,0.0
254,2020-02-01,1099809.43,493032.17,128463.31,80418.74,62728.14,39742.45,24650.78,28493.2,0.0,1078543.03,897631.28,389624.34,418021.73,0.0,123027.73,33892.82,113056.37,6634.03,554779.0,164568.0,152967.0,66505.03,0.0,428522.0,110867.0,159750.0,42597.12,0.0
255,2020-03-01,1193978.09,537090.87,140435.11,88351.49,66906.94,41705.79,24155.48,26032.78,0.0,1144302.19,985701.07,417638.38,395540.44,0.0,152391.86,37031.77,100942.44,6741.7,504755.0,149034.0,132499.0,81984.65,0.0,297892.0,85655.0,118220.0,32465.02,0.0
256,2020-04-01,1041721.35,514304.78,98675.54,78595.22,45024.81,32964.61,23994.44,18613.35,0.0,1011838.38,844793.15,392623.83,330985.32,0.0,143642.22,34079.44,118740.59,6838.58,409332.0,136176.0,118111.0,83079.01,0.0,121662.0,40070.0,47132.0,17055.92,0.0
257,2020-05-01,1008990.86,518675.56,115872.31,75458.03,45306.61,39541.96,24887.18,20958.51,0.0,1054832.31,1035387.22,418916.24,406849.74,0.0,141103.26,31804.69,121798.66,7077.88,534777.0,196535.0,134813.0,68012.98,0.0,194759.0,60147.0,77588.0,24294.05,0.0
258,2020-06-01,1033800.74,486659.93,120869.07,67813.53,56632.9,40047.4,23686.17,26897.53,0.0,1000522.76,1030431.76,401730.55,448619.43,0.0,139346.9,29818.09,120811.08,6296.51,496413.0,155527.0,141582.0,69301.23,0.0,237768.0,69658.0,99764.0,28352.67,0.0
259,2020-07-01,1083373.4,499905.31,129092.56,66289.33,60381.62,43746.12,23402.52,26112.98,0.0,1037426.95,1055675.09,401954.49,513175.22,0.0,141717.67,28991.18,124467.48,6351.62,599639.0,180161.0,166009.0,73698.22,0.0,256738.0,76664.0,109256.0,31429.68,0.0
260,2020-08-01,1083050.48,497008.34,128817.72,66381.91,60442.73,48738.88,23731.05,25827.76,0.0,1027289.7,1057987.38,397474.19,490429.47,0.0,142147.31,25883.94,119201.88,6691.51,678145.0,184649.0,143469.0,77987.9,0.0,261561.0,82320.0,114915.0,28312.43,0.0
261,2020-09-01,1025788.91,486681.06,122856.36,69532.02,59625.11,47006.69,22918.32,23833.97,0.0,978889.98,1015948.44,393509.26,400546.07,0.0,135506.86,28038.54,117637.71,6260.71,505257.0,170514.0,147936.0,69222.83,0.0,260594.0,85155.0,118443.0,28603.98,0.0
262,2020-10-01,1045597.79,507285.62,124373.19,71563.73,59942.45,50127.66,23324.64,23763.91,0.0,977226.39,1041343.63,397521.7,441460.28,0.0,136343.82,29211.79,118073.06,6721.77,523451.0,161770.0,151773.0,68091.67,0.0,294538.0,93157.0,126357.0,31835.31,0.0
263,2020-11-01,1011750.54,484952.87,119160.29,70381.48,56496.35,46618.86,24149.52,19733.57,0.0,900130.22,1006990.99,384030.27,335483.88,0.0,124346.4,27876.41,91597.76,6200.8,542974.0,160052.0,159760.0,77250.94,0.0,319958.0,96539.0,137938.0,35220.16,0.0
264,2020-12-01,1069957.13,502614.94,114288.33,71957.52,57478.96,45463.63,29685.84,24004.62,0.0,918566.77,975302.79,392353.73,347212.55,0.0,123118.63,28403.91,115651.5,6701.98,579348.0,149451.0,174729.0,82717.69,0.0,416995.0,101676.0,175786.0,44162.52,0.0
265,2021-01-01,1115447.61,495042.57,114826.8,71471.95,57119.78,46562.36,32948.24,22479.38,0.0,910857.16,1009848.11,389302.93,405389.36,0.0,119023.2,28939.42,106893.43,7961.81,547394.0,145767.0,151379.0,62774.61,0.0,400101.0,105444.0,154559.0,39409.19,0.0
266,2021-02-01,1022046.9,444582.6,118335.92,64404.6,52807.92,40140.24,31268.81,20932.88,0.0,814558.04,897004.93,341891.09,352572.16,0.0,113814.33,25647.52,97848.74,6220.92,499709.0,149087.0,146747.0,68585.91,0.0,374478.0,97865.0,150192.0,35994.14,0.0
267,2021-03-01,1164948.2,485092.73,132396.13,64889.78,60493.28,43910.71,35447.0,21291.21,0.0,923300.82,950083.12,394486.53,406341.3,0.0,123097.32,26918.47,99650.65,7551.51,641360.0,185964.0,180144.0,91741.67,0.0,402710.0,109540.0,167528.0,41008.89,0.0
268,2021-04-01,1129987.58,466875.68,127461.72,67769.89,57184.82,36579.27,33206.94,22065.42,0.0,899251.56,941728.37,398513.36,363506.45,0.0,111828.36,25756.25,103724.75,6356.42,584396.0,188014.0,173719.0,98267.96,0.0,340728.0,95464.0,140730.0,35712.21,0.0
269,2021-05-01,1161269.98,490169.16,127901.55,69586.51,60393.86,44581.04,32361.88,21582.99,0.0,1029383.11,982256.37,415992.11,435278.64,0.0,125898.08,28450.87,101933.79,10252.98,608637.0,184423.0,190123.0,98140.07,0.0,297269.0,82390.0,124960.0,32201.59,0.0
270,2021-06-01,1113216.81,475048.72,126855.63,64075.21,63874.6,38950.34,30096.03,20752.64,0.0,1071703.83,920517.41,419239.21,491243.63,0.0,151268.05,26777.57,98121.81,9527.79,594356.0,177989.0,200436.0,81248.23,0.0,313109.0,88456.0,135186.0,30385.88,0.0
271,2021-07-01,1147062.86,492424.44,146821.89,68773.18,72563.29,41721.55,32994.27,20679.07,0.0,1153004.34,967551.96,422103.63,539371.25,0.0,165345.2,28495.12,99059.87,10685.71,672154.0,212578.0,184042.0,95255.78,0.0,391011.0,109096.0,159935.0,37119.12,0.0
272,2021-08-01,1152790.62,497511.37,144384.15,68734.33,69767.07,39698.73,35864.12,20689.41,0.0,1179214.66,954820.85,434616.84,572476.51,0.0,176023.63,28233.24,104882.57,11513.95,629618.0,194319.0,189466.0,75262.67,0.0,393430.0,112231.0,166177.0,38247.05,0.0
273,2021-09-01,1170063.6,484661.8,136528.42,65903.0,68084.65,36725.43,36237.09,19374.04,0.0,1162404.09,910792.88,403328.77,527140.79,0.0,170877.84,26773.01,100110.55,11621.89,632276.0,185186.0,183318.0,81276.64,0.0,396782.0,112215.0,167293.0,39106.0,0.0
274,2021-10-01,1244904.14,483454.78,139347.94,67329.92,76217.12,35171.4,37563.25,18770.84,0.0,1124777.73,913641.55,417515.35,506408.02,0.0,183244.08,28166.39,99761.04,11541.89,661243.0,187649.0,187781.0,84030.99,0.0,433518.0,119932.0,178576.0,39060.22,0.0
275,2021-11-01,1219581.87,490581.12,130953.99,66811.42,78774.46,34391.0,34275.28,18570.91,0.0,1111371.43,883886.45,403903.62,484124.98,0.0,182986.88,27364.69,96785.75,10495.21,680108.0,190020.0,189686.0,88975.76,0.0,432773.0,118714.0,180342.0,39619.68,0.0
276,2021-12-01,1271736.81,508875.79,133273.52,70836.62,72585.92,35888.71,32844.81,14339.45,0.0,1156242.27,945498.58,440170.54,486140.0,0.0,180695.13,28045.77,80490.95,10360.28,689603.0,198273.0,200176.0,98115.66,0.0,488146.0,135845.0,203604.0,44155.86,0.0
277,2022-01-01,1297780.55,506212.98,134879.14,69962.35,67402.23,35681.97,28412.13,16414.36,0.0,1181465.77,927171.18,455737.51,478710.76,0.0,182030.27,27236.08,90913.05,8670.43,632339.0,174436.0,172018.0,78336.3,0.0,447494.0,114430.0,175047.0,40906.78,0.0
278,2022-02-01,1162477.0,467937.28,120004.99,64584.26,57184.82,31450.14,25227.04,14497.17,0.0,1044204.48,846589.23,405067.77,386188.18,0.0,156247.19,25818.78,86594.65,7396.05,626172.0,163960.0,196415.0,75005.41,0.0,433302.0,113536.0,175243.0,39115.49,0.0
279,2022-03-01,1324700.53,510232.88,128076.47,71900.66,64576.43,27534.98,25155.01,15836.86,0.0,1162283.45,783247.55,454145.95,538745.12,0.0,160413.48,30817.66,88352.37,7377.24,673058.0,196821.0,201405.0,89123.37,0.0,445933.0,126023.0,187897.0,41493.93,0.0
280,2022-04-01,1308062.65,498227.97,125338.73,69315.84,62493.44,31692.4,18069.96,15052.98,0.0,1100569.59,839132.98,433460.58,539567.85,0.0,156750.93,30545.99,84479.25,5277.18,734742.0,183613.0,204211.0,110211.22,0.0,430899.0,117039.0,183736.0,40765.36,0.0
281,2022-05-01,1354561.23,514338.1,137394.42,70953.29,66800.12,33373.95,21687.92,17266.88,0.0,1130274.15,951424.65,496316.52,623470.17,0.0,182428.66,34355.68,89045.15,6773.62,727272.0,173559.0,205946.0,109116.55,0.0,424092.0,107017.0,181015.0,39961.74,0.0
282,2022-06-01,1292565.75,498428.69,128325.44,66886.85,61870.78,31637.74,24043.78,16615.69,0.0,1126601.26,916445.1,513153.78,619143.47,0.0,170763.54,32083.99,88303.08,7697.38,707816.0,182068.0,208910.0,94895.59,0.0,426237.0,112272.0,184766.0,40558.27,0.0
283,2022-07-01,1353462.78,512424.72,136384.04,71596.39,62922.95,34483.99,27368.53,15745.77,0.0,1167780.56,952705.57,539877.49,643658.27,0.0,177621.14,33958.86,89874.3,9118.64,738107.0,183971.0,201899.0,95642.85,0.0,452132.0,113197.0,193063.0,40954.3,0.0
284,2022-08-01,1364779.72,495998.42,141370.97,73460.74,65508.48,33801.37,26760.44,15569.64,0.0,1156743.54,974767.94,564736.59,636173.78,0.0,183853.14,38703.64,88714.88,9144.54,729086.0,185133.0,199096.0,87553.3,0.0,448670.0,114760.0,200362.0,41647.99,0.0
285,2022-09-01,1340128.48,487969.57,133143.45,71242.12,61395.63,32282.19,25890.32,14977.47,0.0,1031554.16,947317.55,529467.24,585564.42,0.0,173536.77,40758.7,88701.26,8754.0,689931.0,187135.0,196181.0,82892.96,0.0,435990.0,115021.0,193646.0,41002.34,0.0
286,2022-10-01,1430366.7,509706.97,139602.56,0.0,64721.83,30966.38,26219.22,15854.98,0.0,1094521.89,961821.32,526130.48,513399.12,0.0,176208.55,0.0,90409.12,8458.42,685765.0,177672.0,188268.0,75593.39,0.0,461430.0,116284.0,195233.0,40933.19,0.0
287,2022-11-01,1365270.04,499620.48,130391.42,0.0,61836.19,29326.94,25400.59,13945.89,0.0,1023861.54,946287.71,493919.31,379443.34,0.0,161148.12,0.0,76930.45,8144.5,698088.0,193770.0,198786.0,85566.21,0.0,445326.0,114567.0,194721.0,40979.71,0.0
288,2022-12-01,1418108.39,525077.59,140598.33,0.0,82022.49,29613.87,23982.15,14069.7,0.0,1042207.18,968713.06,502549.3,508650.15,0.0,171407.36,0.0,85929.86,7980.05,713532.0,205578.0,194530.0,89907.27,0.0,488828.0,123686.0,208658.0,44680.77,0.0
289,2023-01-01,1452965.17,525751.98,137187.47,0.0,82204.91,28122.37,21407.8,14556.24,0.0,1061524.04,963655.05,478940.19,504643.9,0.0,181272.22,0.0,85108.22,7358.41,671590.0,183228.0,177853.0,70965.82,0.0,491796.0,121533.0,202340.0,44238.52,0.0
290,2023-02-01,1327718.03,469860.36,133212.34,0.0,76249.27,28986.31,19369.22,14067.5,0.0,976270.46,863287.55,461723.94,438232.76,0.0,170083.59,0.0,77429.87,6759.58,603308.0,169722.0,159635.0,68906.83,0.0,452167.0,111861.0,185918.0,41005.11,0.0
291,2023-03-01,1495752.43,526097.66,151550.15,0.0,81458.28,32276.6,22581.79,15193.58,0.0,1074173.0,918201.32,515752.59,491174.82,0.0,184331.87,0.0,85774.18,7724.55,723818.0,207547.0,198684.0,107181.01,0.0,479585.0,128832.0,208575.0,43038.51,0.0
292,2023-04-01,1463292.73,510072.39,138178.27,0.0,79701.31,31310.81,21831.87,8606.65,0.0,1033854.51,926118.85,469847.99,498707.8,0.0,172543.06,0.0,47305.24,7690.25,689831.0,194624.0,194288.0,85776.16,0.0,451708.0,115407.0,189372.0,40639.03,0.0
293,2023-05-01,1518285.03,513998.31,146782.59,0.0,78400.55,32481.28,18963.29,15031.0,0.0,1037123.86,947134.11,546450.88,600171.2,0.0,183666.06,0.0,84591.08,7052.19,727100.0,197134.0,199894.0,87196.07,0.0,450183.0,110380.0,199130.0,41247.24,0.0
294,2023-06-01,1460326.66,492126.1,142327.77,0.0,73385.51,33028.45,17449.65,13961.53,0.0,1044434.86,907441.8,553491.73,607051.63,0.0,178770.37,0.0,79788.69,5969.87,698063.0,192302.0,190175.0,81742.57,0.0,440918.0,115216.0,189881.0,40570.42,0.0
295,2023-07-01,1487007.71,496042.53,137174.75,0.0,74798.63,31121.21,18628.7,14417.34,0.0,1098238.07,929040.28,594003.99,624672.25,0.0,187960.63,0.0,81673.0,5194.25,700304.0,192975.0,184830.0,78123.08,0.0,474579.0,120838.0,194732.0,40780.66,0.0
296,2023-08-01,1486791.0,494904.69,144287.72,0.0,72097.19,38728.23,19364.87,14174.01,0.0,1092807.33,934021.18,618947.32,682116.16,0.0,191351.35,0.0,79435.63,6134.01,741377.0,177091.0,185682.0,81877.04,0.0,477948.0,113284.0,192466.0,42842.6,0.0
297,2023-09-01,1497069.17,482932.37,141294.12,0.0,72707.07,44344.18,19150.97,13466.18,0.0,1019308.96,930406.52,599027.69,630042.05,0.0,188344.14,0.0,75668.94,6618.48,704863.0,179970.0,178934.0,79297.51,0.0,449372.0,106416.0,189793.0,40471.6,0.0
298,2023-10-01,1626038.49,496602.52,138947.03,0.0,70367.05,45910.98,23001.14,14351.94,0.0,1002306.16,855360.49,594029.44,452730.36,0.0,191149.92,0.0,78702.08,8541.59,723136.0,193822.0,191436.0,81394.74,0.0,490998.0,124651.0,200646.0,42486.63,0.0
299,2023-11-01,1608735.81,501036.58,125900.23,0.0,70509.81,44769.24,23076.11,12402.64,0.0,1035121.26,807496.52,544883.69,445006.91,0.0,176137.58,0.0,68910.93,8729.52,792651.0,185373.0,189755.0,83244.14,0.0,507074.0,110643.0,194877.0,40451.45,0.0
300,2023-12-01,1690129.89,517411.1,135832.83,0.0,72721.64,40602.64,24922.36,14738.38,0.0,996735.79,675732.51,500139.31,422430.95,0.0,178686.31,0.0,74819.03,9412.19,724900.0,165915.0,174547.0,71554.58,0.0,533262.0,109836.0,192243.0,40384.56,0.0
301,2024-01-01,1659972.73,515025.02,135650.11,0.0,75835.35,41717.02,29528.39,14975.88,0.0,1016596.99,822359.34,509552.95,476201.23,0.0,182726.76,0.0,72744.5,11103.85,677742.0,167919.0,157266.0,61878.0,0.0,502339.0,106172.0,168557.0,38162.31,0.0
302,2024-02-01,1542650.71,485510.21,126923.78,0.0,68590.24,41577.58,28271.44,13530.36,0.0,994826.51,896088.77,504126.16,484818.53,0.0,173351.07,0.0,65613.63,10415.71,620768.0,165097.0,156734.0,66164.83,0.0,464453.0,98014.0,160794.0,41459.65,0.0
303,2024-03-01,1658834.75,518516.25,138473.22,0.0,74486.06,42642.31,30788.4,14069.99,0.0,1091479.46,935833.68,539387.61,513239.53,0.0,182844.52,0.0,68268.24,11693.69,637659.0,167582.0,170404.0,92367.9,0.0,471406.0,101188.0,165630.0,43162.89,0.0
304,2024-04-01,1587184.81,496214.67,131998.72,0.0,73851.97,42587.21,31629.4,12594.41,0.0,1079768.08,906116.68,522930.79,511764.95,0.0,178415.9,0.0,64841.26,12389.52,633293.0,173363.0,168606.0,109356.41,0.0,419453.0,98856.0,159099.0,39028.87,0.0
305,2024-05-01,1635734.21,517537.02,152427.13,0.0,84842.49,49209.55,32723.09,13561.42,0.0,1147127.37,980357.75,605706.47,713290.38,0.0,223043.22,0.0,68826.62,12350.02,709174.0,213984.0,212998.0,99594.81,0.0,436585.0,108009.0,169870.0,41069.57,0.0
306,2024-06-01,1499664.17,484925.82,163167.7,0.0,79876.52,47826.68,24509.59,12867.38,0.0,987618.95,942142.5,597717.55,694682.41,0.0,249551.09,0.0,66600.68,10421.42,618819.0,167541.0,179888.0,79156.55,0.0,412638.0,103093.0,165698.0,37340.17,0.0
307,2024-07-01,1557557.26,504973.93,182873.9,0.0,92821.93,47803.08,34960.59,13023.27,0.0,1059351.47,989682.76,628833.25,756943.15,0.0,293195.87,0.0,67206.25,16377.0,665757.0,193818.0,205235.0,87686.45,0.0,456270.0,107761.0,185108.0,42067.69,0.0
308,2024-08-01,1709370.29,509270.9,190810.8,0.0,96293.16,46848.26,42241.99,12609.42,0.0,1166757.15,980275.46,613792.49,746487.4,0.0,328057.38,0.0,62997.46,21211.19,634277.0,181956.0,191684.0,88173.47,0.0,438784.0,106950.0,184598.0,43111.01,0.0
309,2024-09-01,1695893.34,506566.69,195482.48,0.0,87322.1,46665.16,38908.63,12428.9,0.0,1050848.54,942233.78,592459.04,657039.6,0.0,313052.72,0.0,62871.26,17264.49,618511.48,166630.0,163395.0,84960.42,0.0,427676.0,99126.0,169489.0,39399.26,0.0
310,2024-10-01,1741232.02,531596.1,197451.38,0.0,82246.69,47726.59,44947.26,12706.85,0.0,948424.9,1011987.44,576690.48,465215.26,0.0,294319.29,0.0,63842.4,18919.64,660346.0,181623.0,191286.0,89965.78,0.0,461507.0,114452.0,197041.0,46344.06,0.0
311,2024-11-01,1693392.84,509337.31,210030.93,0.0,72435.1,41061.38,56232.07,10073.15,0.0,877123.9,939996.26,541208.74,379766.3,0.0,268280.58,0.0,44814.88,24527.7,684472.0,187986.0,201081.0,94327.0,0.0,466832.0,109207.0,196287.0,45011.73,0.0
312,2024-12-01,1775614.66,521530.47,220093.36,0.0,77722.78,37655.58,63012.52,12277.05,0.0,888586.98,893885.39,541289.59,411472.72,0.0,320164.96,0.0,60576.19,25130.33,678503.0,185358.0,193203.0,91059.59,0.0,489767.0,114782.0,206195.0,45932.28,0.0
313,2025-01-01,1745213.12,512483.8,226823.26,0.0,86628.34,47332.75,50992.57,12118.83,0.0,1073973.66,1069466.66,504834.03,496962.99,0.0,317745.33,0.0,57915.7,23768.77,632362.0,177873.0,180813.0,75835.59,0.0,479601.0,110907.0,194951.0,45081.96,0.0
314,2025-02-01,1562519.02,467005.61,208539.03,0.0,90718.74,50968.51,42316.35,10719.57,0.0,945559.22,1007898.78,457915.82,496882.96,0.0,304078.44,0.0,51578.92,21468.19,597177.0,162948.0,168129.0,67844.29,0.0,442546.0,99732.0,180474.0,40365.94,0.0
315,2025-03-01,1751161.46,542138.5,210103.19,0.0,104108.09,55090.52,36614.03,11520.12,0.0,989831.87,1046956.95,482825.01,490537.79,0.0,301152.66,0.0,57610.16,16420.0,640136.0,184367.0,190739.0,83755.23,0.0,468942.0,108511.0,195228.0,42909.18,0.0
316,2025-04-01,1597916.19,519100.39,211637.08,0.0,101092.08,48560.91,58091.37,10789.18,0.0,1001605.46,939839.87,514657.65,502649.66,0.0,317858.91,0.0,53396.72,23761.89,645087.0,202911.0,196014.0,104421.32,0.0,438262.0,103682.0,187517.0,41216.81,0.0
317,2025-05-01,1658044.3,520654.84,219449.92,0.0,109904.74,57205.66,56947.66,11146.85,0.0,1044744.24,1069637.15,550778.54,680353.29,0.0,356296.61,0.0,52131.33,21165.36,696747.0,217797.0,198674.0,102518.67,0.0,455928.0,105557.0,187435.0,42586.79,0.0
318,2025-06-01,1671244.52,497110.76,199686.77,0.0,104536.26,52630.43,67164.9,10325.68,0.0,1086511.33,1111394.66,546351.61,743440.34,0.0,341826.54,0.0,51227.68,24996.59,672385.0,168633.0,184957.0,85278.52,0.0,442673.0,99033.0,179070.0,40514.77,0.0
319,2025-07-01,1785425.6,524034.46,220527.34,0.0,104131.62,59964.54,75369.88,0.0,0.0,1078197.34,1150987.63,560029.63,763200.87,0.0,370642.34,0.0,0.0,29080.07,703365.0,209236.32,196532.0,94110.66,0.0,475227.0,108029.27,191709.0,42054.58,0.0
320,2025-08-01,1823632.47,525710.66,237088.81,0.0,109443.19,63235.45,86438.62,0.0,0.0,1075725.83,1128215.19,543662.49,731669.33,0.0,369512.76,0.0,0.0,34622.14,676709.0,189642.04,188238.0,78442.69,0.0,462385.0,110472.19,188023.0,40537.91,0.0
321,2025-09-01,1807137.66,515968.53,224220.43,0.0,98519.74,54089.92,90422.45,0.0,0.0,942512.33,947937.13,457894.27,593665.42,0.0,353888.0,0.0,0.0,37603.71,664158.0,180816.43,185243.0,84755.41,0.0,452402.0,106340.44,185772.0,42964.48,0.0
